Year,SERIES,URBANISATION,UNIT_MEASURE,DATA_LAST_UPDATE,Value
2010,AG_LND_FRSTCHG,,PT,2023-09-07,-0.25
2020,AG_LND_FRSTCHG,,PT,2023-09-07,-0.26
2010,EN_ATM_PM25,,GPERM3,2023-02-27,13.27519
2011,EN_ATM_PM25,,GPERM3,2023-02-27,13.26777
2012,EN_ATM_PM25,,GPERM3,2023-02-27,13.20859
2013,EN_ATM_PM25,,GPERM3,2023-02-27,13.09511
2014,EN_ATM_PM25,,GPERM3,2023-02-27,13.12364
2015,EN_ATM_PM25,,GPERM3,2023-02-27,13.26748
2016,EN_ATM_PM25,,GPERM3,2023-02-27,13.09256
2017,EN_ATM_PM25,,GPERM3,2023-02-27,13.15097
2018,EN_ATM_PM25,,GPERM3,2023-02-27,13.11527
2019,EN_ATM_PM25,,GPERM3,2023-02-27,13.07553
2010,EN_ATM_PM25,CITY,GPERM3,2023-02-27,15.13823
2011,EN_ATM_PM25,CITY,GPERM3,2023-02-27,15.16855
2012,EN_ATM_PM25,CITY,GPERM3,2023-02-27,15.1875
2013,EN_ATM_PM25,CITY,GPERM3,2023-02-27,15.00083
2014,EN_ATM_PM25,CITY,GPERM3,2023-02-27,14.97612
2015,EN_ATM_PM25,CITY,GPERM3,2023-02-27,15.12702
2016,EN_ATM_PM25,CITY,GPERM3,2023-02-27,14.9893
2017,EN_ATM_PM25,CITY,GPERM3,2023-02-27,15.08634
2018,EN_ATM_PM25,CITY,GPERM3,2023-02-27,14.98122
2019,EN_ATM_PM25,CITY,GPERM3,2023-02-27,15.00578
2010,EN_ATM_PM25,R,GPERM3,2023-02-27,12.54661
2011,EN_ATM_PM25,R,GPERM3,2023-02-27,12.52806
2012,EN_ATM_PM25,R,GPERM3,2023-02-27,12.44261
2013,EN_ATM_PM25,R,GPERM3,2023-02-27,12.3612
2014,EN_ATM_PM25,R,GPERM3,2023-02-27,12.40491
2015,EN_ATM_PM25,R,GPERM3,2023-02-27,12.54693
2016,EN_ATM_PM25,R,GPERM3,2023-02-27,12.36133
2017,EN_ATM_PM25,R,GPERM3,2023-02-27,12.41494
2018,EN_ATM_PM25,R,GPERM3,2023-02-27,12.39824
2019,EN_ATM_PM25,R,GPERM3,2023-02-27,12.343
2010,EN_ATM_PM25,TSUB,GPERM3,2023-02-27,13.31831
2011,EN_ATM_PM25,TSUB,GPERM3,2023-02-27,13.29851
2012,EN_ATM_PM25,TSUB,GPERM3,2023-02-27,13.22408
2013,EN_ATM_PM25,TSUB,GPERM3,2023-02-27,13.0958
2014,EN_ATM_PM25,TSUB,GPERM3,2023-02-27,13.17163
2015,EN_ATM_PM25,TSUB,GPERM3,2023-02-27,13.32036
2016,EN_ATM_PM25,TSUB,GPERM3,2023-02-27,13.13219
2017,EN_ATM_PM25,TSUB,GPERM3,2023-02-27,13.13356
2018,EN_ATM_PM25,TSUB,GPERM3,2023-02-27,13.16041
2019,EN_ATM_PM25,TSUB,GPERM3,2023-02-27,13.0697
2010,EN_ATM_PM25,U,GPERM3,2023-02-27,14.63783
2011,EN_ATM_PM25,U,GPERM3,2023-02-27,14.65413
2012,EN_ATM_PM25,U,GPERM3,2023-02-27,14.64714
2013,EN_ATM_PM25,U,GPERM3,2023-02-27,14.4763
2014,EN_ATM_PM25,U,GPERM3,2023-02-27,14.47904
2015,EN_ATM_PM25,U,GPERM3,2023-02-27,14.62912
2016,EN_ATM_PM25,U,GPERM3,2023-02-27,14.47727
2017,EN_ATM_PM25,U,GPERM3,2023-02-27,14.54769
2018,EN_ATM_PM25,U,GPERM3,2023-02-27,14.47875
2019,EN_ATM_PM25,U,GPERM3,2023-02-27,14.47127
1980,FM_LBL_BMNY_ZG,,PT,2023-03-10,81.48815
1981,FM_LBL_BMNY_ZG,,PT,2023-03-10,15.67201
1982,FM_LBL_BMNY_ZG,,PT,2023-03-10,24.79634
1983,FM_LBL_BMNY_ZG,,PT,2023-03-10,-3.94196
1984,FM_LBL_BMNY_ZG,,PT,2023-03-10,9.99325
1985,FM_LBL_BMNY_ZG,,PT,2023-03-10,17.74875
1986,FM_LBL_BMNY_ZG,,PT,2023-03-10,4.22516
1987,FM_LBL_BMNY_ZG,,PT,2023-03-10,27.11415
1988,FM_LBL_BMNY_ZG,,PT,2023-03-10,20.79555
1989,FM_LBL_BMNY_ZG,,PT,2023-03-10,24.25585
1990,FM_LBL_BMNY_ZG,,PT,2023-03-10,-52.96088
1991,FM_LBL_BMNY_ZG,,PT,2023-03-10,-27.59241
1992,FM_LBL_BMNY_ZG,,PT,2023-03-10,-24.21541
1993,FM_LBL_BMNY_ZG,,PT,2023-03-10,34.82615
1994,FM_LBL_BMNY_ZG,,PT,2023-03-10,7.30321
1995,FM_LBL_BMNY_ZG,,PT,2023-03-10,18.07077
1996,FM_LBL_BMNY_ZG,,PT,2023-03-10,15.51601
1997,FM_LBL_BMNY_ZG,,PT,2023-03-10,16.6063
1998,FM_LBL_BMNY_ZG,,PT,2023-03-10,-43.08299
1999,FM_LBL_BMNY_ZG,,PT,2023-03-10,-16.00526
2000,FM_LBL_BMNY_ZG,,PT,2023-03-10,45.66668
2001,FM_LBL_BMNY_ZG,,PT,2023-03-10,84.32734
2002,FM_LBL_BMNY_ZG,,PT,2023-03-10,191.80405
2003,FM_LBL_BMNY_ZG,,PT,2023-03-10,-58.17238
2004,FM_LBL_BMNY_ZG,,PT,2023-03-10,-54.68515
2005,FM_LBL_BMNY_ZG,,PT,2023-03-10,43.42784
2010,FM_LBL_BMNY_ZG,,PT,2023-03-10,61.07299
2011,FM_LBL_BMNY_ZG,,PT,2023-03-10,31.1928
2012,FM_LBL_BMNY_ZG,,PT,2023-03-10,27.47967
2013,FM_LBL_BMNY_ZG,,PT,2023-03-10,4.55132
2014,FM_LBL_BMNY_ZG,,PT,2023-03-10,12.58116
2015,FM_LBL_BMNY_ZG,,PT,2023-03-10,8.20189
2016,FM_LBL_BMNY_ZG,,PT,2023-03-10,19.04805
2017,FM_LBL_BMNY_ZG,,PT,2023-03-10,38.64649
2018,FM_LBL_BMNY_ZG,,PT,2023-03-10,28.04846
2019,FM_LBL_BMNY_ZG,,PT,2023-03-10,249.83528
2020,FM_LBL_BMNY_ZG,,PT,2023-03-10,485.54705
2010,FP_CPI_TOTL_ZG,,PT,2023-03-10,3.02267
2011,FP_CPI_TOTL_ZG,,PT,2023-03-10,3.46613
2012,FP_CPI_TOTL_ZG,,PT,2023-03-10,3.72533
2013,FP_CPI_TOTL_ZG,,PT,2023-03-10,1.63495
2014,FP_CPI_TOTL_ZG,,PT,2023-03-10,-0.19778
2015,FP_CPI_TOTL_ZG,,PT,2023-03-10,-2.43097
2016,FP_CPI_TOTL_ZG,,PT,2023-03-10,-1.54367
2017,FP_CPI_TOTL_ZG,,PT,2023-03-10,0.89396
2018,FP_CPI_TOTL_ZG,,PT,2023-03-10,10.61887
2019,FP_CPI_TOTL_ZG,,PT,2023-03-10,255.30499
2020,FP_CPI_TOTL_ZG,,PT,2023-03-10,557.20182
2021,FP_CPI_TOTL_ZG,,PT,2023-03-10,98.54611
2010,NE_CON_GOVT_KD_ZG,,PT,2023-03-12,54.45897
2011,NE_CON_GOVT_KD_ZG,,PT,2023-03-12,38.67445
2012,NE_CON_GOVT_KD_ZG,,PT,2023-03-12,58.34569
2013,NE_CON_GOVT_KD_ZG,,PT,2023-03-12,-26.84046
2014,NE_CON_GOVT_KD_ZG,,PT,2023-03-12,19.83966
2015,NE_CON_GOVT_KD_ZG,,PT,2023-03-12,15.86864
2016,NE_CON_GOVT_KD_ZG,,PT,2023-03-12,13.13281
2017,NE_CON_GOVT_KD_ZG,,PT,2023-03-12,14.50718
2018,NE_CON_GOVT_KD_ZG,,PT,2023-03-12,-21.20271
2019,NE_CON_GOVT_KD_ZG,,PT,2023-03-12,-23.49679
2020,NE_CON_GOVT_KD_ZG,,PT,2023-03-12,-23.75847
2021,NE_CON_GOVT_KD_ZG,,PT,2023-03-12,142.10109
2010,NE_CON_PRVT_KD_ZG,,PT,2023-03-12,6.82202
2011,NE_CON_PRVT_KD_ZG,,PT,2023-03-12,2.34461
2012,NE_CON_PRVT_KD_ZG,,PT,2023-03-12,23.64468
2013,NE_CON_PRVT_KD_ZG,,PT,2023-03-12,-1.20431
2014,NE_CON_PRVT_KD_ZG,,PT,2023-03-12,-2.55477
2015,NE_CON_PRVT_KD_ZG,,PT,2023-03-12,19.0809
2016,NE_CON_PRVT_KD_ZG,,PT,2023-03-12,-10.50111
2017,NE_CON_PRVT_KD_ZG,,PT,2023-03-12,1.39614
2018,NE_CON_PRVT_KD_ZG,,PT,2023-03-12,2.60351
2019,NE_CON_PRVT_KD_ZG,,PT,2023-03-12,-8.60029
2020,NE_CON_PRVT_KD_ZG,,PT,2023-03-12,-2.71407
2021,NE_CON_PRVT_KD_ZG,,PT,2023-03-12,4.73975
1977,NE_EXP_GNFS_KD_ZG,,PT,2023-03-12,-5.09112
1978,NE_EXP_GNFS_KD_ZG,,PT,2023-03-12,3.94725
1979,NE_EXP_GNFS_KD_ZG,,PT,2023-03-12,-16.74789
1980,NE_EXP_GNFS_KD_ZG,,PT,2023-03-12,39.28558
1981,NE_EXP_GNFS_KD_ZG,,PT,2023-03-12,12.52543
1982,NE_EXP_GNFS_KD_ZG,,PT,2023-03-12,2.6343
1983,NE_EXP_GNFS_KD_ZG,,PT,2023-03-12,1.58531
1984,NE_EXP_GNFS_KD_ZG,,PT,2023-03-12,-1.90736
1985,NE_EXP_GNFS_KD_ZG,,PT,2023-03-12,6.94498
1986,NE_EXP_GNFS_KD_ZG,,PT,2023-03-12,20.80495
1987,NE_EXP_GNFS_KD_ZG,,PT,2023-03-12,-2.0893
1988,NE_EXP_GNFS_KD_ZG,,PT,2023-03-12,6.07864
1989,NE_EXP_GNFS_KD_ZG,,PT,2023-03-12,1.22644
1990,NE_EXP_GNFS_KD_ZG,,PT,2023-03-12,-0.04775
1991,NE_EXP_GNFS_KD_ZG,,PT,2023-03-12,-4.37996
1992,NE_EXP_GNFS_KD_ZG,,PT,2023-03-12,-5.32255
1993,NE_EXP_GNFS_KD_ZG,,PT,2023-03-12,22.77273
1994,NE_EXP_GNFS_KD_ZG,,PT,2023-03-12,9.38993
1995,NE_EXP_GNFS_KD_ZG,,PT,2023-03-12,0.48713
1996,NE_EXP_GNFS_KD_ZG,,PT,2023-03-12,8.13796
1997,NE_EXP_GNFS_KD_ZG,,PT,2023-03-12,5.51772
1998,NE_EXP_GNFS_KD_ZG,,PT,2023-03-12,-0.67899
1999,NE_EXP_GNFS_KD_ZG,,PT,2023-03-12,-3.66284
2000,NE_EXP_GNFS_KD_ZG,,PT,2023-03-12,-7.73231
2001,NE_EXP_GNFS_KD_ZG,,PT,2023-03-12,3.27621
2002,NE_EXP_GNFS_KD_ZG,,PT,2023-03-12,-16.96482
2003,NE_EXP_GNFS_KD_ZG,,PT,2023-03-12,-20.43725
2004,NE_EXP_GNFS_KD_ZG,,PT,2023-03-12,-2.05636
2005,NE_EXP_GNFS_KD_ZG,,PT,2023-03-12,-7.34173
2006,NE_EXP_GNFS_KD_ZG,,PT,2023-03-12,-8.94245
2007,NE_EXP_GNFS_KD_ZG,,PT,2023-03-12,-9.78636
2008,NE_EXP_GNFS_KD_ZG,,PT,2023-03-12,-21.08434
2009,NE_EXP_GNFS_KD_ZG,,PT,2023-03-12,-3.82415
2010,NE_EXP_GNFS_KD_ZG,,PT,2023-03-12,45.77855
2011,NE_EXP_GNFS_KD_ZG,,PT,2023-03-12,5.10466
2012,NE_EXP_GNFS_KD_ZG,,PT,2023-03-12,-3.27435
2013,NE_EXP_GNFS_KD_ZG,,PT,2023-03-12,-11.87653
2014,NE_EXP_GNFS_KD_ZG,,PT,2023-03-12,3.87918
2015,NE_EXP_GNFS_KD_ZG,,PT,2023-03-12,48.41123
2016,NE_EXP_GNFS_KD_ZG,,PT,2023-03-12,21.00079
2017,NE_EXP_GNFS_KD_ZG,,PT,2023-03-12,4.80668
2018,NE_EXP_GNFS_KD_ZG,,PT,2023-03-12,-2.91287
2019,NE_EXP_GNFS_KD_ZG,,PT,2023-03-12,12.27511
2020,NE_EXP_GNFS_KD_ZG,,PT,2023-03-12,-39.79683
2021,NE_EXP_GNFS_KD_ZG,,PT,2023-03-12,41.12701
2010,NE_GDI_TOTL_KD_ZG,,PT,2023-03-12,61.11448
2011,NE_GDI_TOTL_KD_ZG,,PT,2023-03-12,2.8428
2012,NE_GDI_TOTL_KD_ZG,,PT,2023-03-12,-17.36393
2013,NE_GDI_TOTL_KD_ZG,,PT,2023-03-12,-5.47126
2014,NE_GDI_TOTL_KD_ZG,,PT,2023-03-12,12.73016
2015,NE_GDI_TOTL_KD_ZG,,PT,2023-03-12,5.65384
2016,NE_GDI_TOTL_KD_ZG,,PT,2023-03-12,0.63614
2017,NE_GDI_TOTL_KD_ZG,,PT,2023-03-12,4.29431
2018,NE_GDI_TOTL_KD_ZG,,PT,2023-03-12,11.55309
2019,NE_GDI_TOTL_KD_ZG,,PT,2023-03-12,-5.19876
2020,NE_GDI_TOTL_KD_ZG,,PT,2023-03-12,-4.0645
2021,NE_GDI_TOTL_KD_ZG,,PT,2023-03-12,-3.75643
1977,NE_IMP_GNFS_KD_ZG,,PT,2023-03-12,0.55619
1978,NE_IMP_GNFS_KD_ZG,,PT,2023-03-12,-0.22125
1979,NE_IMP_GNFS_KD_ZG,,PT,2023-03-12,-4.54556
1980,NE_IMP_GNFS_KD_ZG,,PT,2023-03-12,12.28002
1981,NE_IMP_GNFS_KD_ZG,,PT,2023-03-12,12.52543
1982,NE_IMP_GNFS_KD_ZG,,PT,2023-03-12,2.6343
1983,NE_IMP_GNFS_KD_ZG,,PT,2023-03-12,1.58531
1984,NE_IMP_GNFS_KD_ZG,,PT,2023-03-12,-1.90735
1985,NE_IMP_GNFS_KD_ZG,,PT,2023-03-12,6.94334
1986,NE_IMP_GNFS_KD_ZG,,PT,2023-03-12,15.15427
1987,NE_IMP_GNFS_KD_ZG,,PT,2023-03-12,-3.73134
1988,NE_IMP_GNFS_KD_ZG,,PT,2023-03-12,13.24465
1989,NE_IMP_GNFS_KD_ZG,,PT,2023-03-12,9.58039
1990,NE_IMP_GNFS_KD_ZG,,PT,2023-03-12,2.14741
1991,NE_IMP_GNFS_KD_ZG,,PT,2023-03-12,20.13453
1992,NE_IMP_GNFS_KD_ZG,,PT,2023-03-12,3.49669
1993,NE_IMP_GNFS_KD_ZG,,PT,2023-03-12,-9.76698
1994,NE_IMP_GNFS_KD_ZG,,PT,2023-03-12,13.53384
1995,NE_IMP_GNFS_KD_ZG,,PT,2023-03-12,6.17027
1996,NE_IMP_GNFS_KD_ZG,,PT,2023-03-12,11.78902
1997,NE_IMP_GNFS_KD_ZG,,PT,2023-03-12,23.28062
1998,NE_IMP_GNFS_KD_ZG,,PT,2023-03-12,-10.00118
1999,NE_IMP_GNFS_KD_ZG,,PT,2023-03-12,-23.98147
2000,NE_IMP_GNFS_KD_ZG,,PT,2023-03-12,-2.81998
2001,NE_IMP_GNFS_KD_ZG,,PT,2023-03-12,-1.48577
2002,NE_IMP_GNFS_KD_ZG,,PT,2023-03-12,-1.3751
2003,NE_IMP_GNFS_KD_ZG,,PT,2023-03-12,-18.35576
2004,NE_IMP_GNFS_KD_ZG,,PT,2023-03-12,-7.24641
2005,NE_IMP_GNFS_KD_ZG,,PT,2023-03-12,-9.08228
2006,NE_IMP_GNFS_KD_ZG,,PT,2023-03-12,-6.6806
2007,NE_IMP_GNFS_KD_ZG,,PT,2023-03-12,-12.66698
2008,NE_IMP_GNFS_KD_ZG,,PT,2023-03-12,11.64786
2009,NE_IMP_GNFS_KD_ZG,,PT,2023-03-12,52.06704
2010,NE_IMP_GNFS_KD_ZG,,PT,2023-03-12,21.11659
2011,NE_IMP_GNFS_KD_ZG,,PT,2023-03-12,-8.50002
2012,NE_IMP_GNFS_KD_ZG,,PT,2023-03-12,19.9054
2013,NE_IMP_GNFS_KD_ZG,,PT,2023-03-12,-24.52839
2014,NE_IMP_GNFS_KD_ZG,,PT,2023-03-12,0.41654
2015,NE_IMP_GNFS_KD_ZG,,PT,2023-03-12,80.60597
2016,NE_IMP_GNFS_KD_ZG,,PT,2023-03-12,-3.27622
2017,NE_IMP_GNFS_KD_ZG,,PT,2023-03-12,3.24791
2018,NE_IMP_GNFS_KD_ZG,,PT,2023-03-12,-12.39718
2019,NE_IMP_GNFS_KD_ZG,,PT,2023-03-12,-2.09713
2020,NE_IMP_GNFS_KD_ZG,,PT,2023-03-12,-28.96734
2021,NE_IMP_GNFS_KD_ZG,,PT,2023-03-12,54.79335
1961,NY_GDP_MKTP_KD_ZG,,PT,2023-03-12,6.31616
1962,NY_GDP_MKTP_KD_ZG,,PT,2023-03-12,1.43447
1963,NY_GDP_MKTP_KD_ZG,,PT,2023-03-12,6.24434
1964,NY_GDP_MKTP_KD_ZG,,PT,2023-03-12,-1.10617
1965,NY_GDP_MKTP_KD_ZG,,PT,2023-03-12,4.91057
1966,NY_GDP_MKTP_KD_ZG,,PT,2023-03-12,1.52313
1967,NY_GDP_MKTP_KD_ZG,,PT,2023-03-12,8.36701
1968,NY_GDP_MKTP_KD_ZG,,PT,2023-03-12,1.97013
1969,NY_GDP_MKTP_KD_ZG,,PT,2023-03-12,12.42824
1970,NY_GDP_MKTP_KD_ZG,,PT,2023-03-12,22.56515
1971,NY_GDP_MKTP_KD_ZG,,PT,2023-03-12,8.91759
1972,NY_GDP_MKTP_KD_ZG,,PT,2023-03-12,8.32977
1973,NY_GDP_MKTP_KD_ZG,,PT,2023-03-12,2.60471
1974,NY_GDP_MKTP_KD_ZG,,PT,2023-03-12,6.62515
1975,NY_GDP_MKTP_KD_ZG,,PT,2023-03-12,-1.93122
1976,NY_GDP_MKTP_KD_ZG,,PT,2023-03-12,0.46484
1977,NY_GDP_MKTP_KD_ZG,,PT,2023-03-12,-6.8607
1978,NY_GDP_MKTP_KD_ZG,,PT,2023-03-12,-2.70692
1979,NY_GDP_MKTP_KD_ZG,,PT,2023-03-12,3.29704
1980,NY_GDP_MKTP_KD_ZG,,PT,2023-03-12,14.42068
1981,NY_GDP_MKTP_KD_ZG,,PT,2023-03-12,12.52542
1982,NY_GDP_MKTP_KD_ZG,,PT,2023-03-12,2.6343
1983,NY_GDP_MKTP_KD_ZG,,PT,2023-03-12,1.58531
1984,NY_GDP_MKTP_KD_ZG,,PT,2023-03-12,-1.90736
1985,NY_GDP_MKTP_KD_ZG,,PT,2023-03-12,6.94439
1986,NY_GDP_MKTP_KD_ZG,,PT,2023-03-12,2.09903
1987,NY_GDP_MKTP_KD_ZG,,PT,2023-03-12,1.15074
1988,NY_GDP_MKTP_KD_ZG,,PT,2023-03-12,7.55237
1989,NY_GDP_MKTP_KD_ZG,,PT,2023-03-12,5.19977
1990,NY_GDP_MKTP_KD_ZG,,PT,2023-03-12,6.98855
1991,NY_GDP_MKTP_KD_ZG,,PT,2023-03-12,5.53178
1992,NY_GDP_MKTP_KD_ZG,,PT,2023-03-12,-9.01557
1993,NY_GDP_MKTP_KD_ZG,,PT,2023-03-12,1.05146
1994,NY_GDP_MKTP_KD_ZG,,PT,2023-03-12,9.2352
1995,NY_GDP_MKTP_KD_ZG,,PT,2023-03-12,0.15803
1996,NY_GDP_MKTP_KD_ZG,,PT,2023-03-12,10.3607
1997,NY_GDP_MKTP_KD_ZG,,PT,2023-03-12,2.68059
1998,NY_GDP_MKTP_KD_ZG,,PT,2023-03-12,2.88521
1999,NY_GDP_MKTP_KD_ZG,,PT,2023-03-12,-0.81782
2000,NY_GDP_MKTP_KD_ZG,,PT,2023-03-12,-3.05919
2001,NY_GDP_MKTP_KD_ZG,,PT,2023-03-12,1.43962
2002,NY_GDP_MKTP_KD_ZG,,PT,2023-03-12,-8.89402
2003,NY_GDP_MKTP_KD_ZG,,PT,2023-03-12,-16.99507
2004,NY_GDP_MKTP_KD_ZG,,PT,2023-03-12,-5.80754
2005,NY_GDP_MKTP_KD_ZG,,PT,2023-03-12,-5.71108
2006,NY_GDP_MKTP_KD_ZG,,PT,2023-03-12,-3.4615
2007,NY_GDP_MKTP_KD_ZG,,PT,2023-03-12,-3.65333
2008,NY_GDP_MKTP_KD_ZG,,PT,2023-03-12,-17.66895
2009,NY_GDP_MKTP_KD_ZG,,PT,2023-03-12,12.01956
2010,NY_GDP_MKTP_KD_ZG,,PT,2023-03-12,21.45206
2011,NY_GDP_MKTP_KD_ZG,,PT,2023-03-12,14.62021
2012,NY_GDP_MKTP_KD_ZG,,PT,2023-03-12,15.74488
2013,NY_GDP_MKTP_KD_ZG,,PT,2023-03-12,3.19673
2014,NY_GDP_MKTP_KD_ZG,,PT,2023-03-12,1.48454
2015,NY_GDP_MKTP_KD_ZG,,PT,2023-03-12,2.02365
2016,NY_GDP_MKTP_KD_ZG,,PT,2023-03-12,0.90096
2017,NY_GDP_MKTP_KD_ZG,,PT,2023-03-12,4.08026
2018,NY_GDP_MKTP_KD_ZG,,PT,2023-03-12,5.00987
2019,NY_GDP_MKTP_KD_ZG,,PT,2023-03-12,-6.33245
2020,NY_GDP_MKTP_KD_ZG,,PT,2023-03-12,-7.81695
2021,NY_GDP_MKTP_KD_ZG,,PT,2023-03-12,8.46802
2000,NY_GDP_PCAP,,PT,2023-05-01,-9.09
2001,NY_GDP_PCAP,,PT,2023-05-01,-0.83
2002,NY_GDP_PCAP,,PT,2023-05-01,-6.52
2003,NY_GDP_PCAP,,PT,2023-05-01,-8.16
2004,NY_GDP_PCAP,,PT,2023-05-01,-4.32
2005,NY_GDP_PCAP,,PT,2023-05-01,-4.56
2006,NY_GDP_PCAP,,PT,2023-05-01,-4.45
2007,NY_GDP_PCAP,,PT,2023-05-01,-4.2
2008,NY_GDP_PCAP,,PT,2023-05-01,-5.5
2009,NY_GDP_PCAP,,PT,2023-05-01,57.9
2010,NY_GDP_PCAP,,PT,2023-05-01,18.18
2011,NY_GDP_PCAP,,PT,2023-05-01,12.56
2012,NY_GDP_PCAP,,PT,2023-05-01,14.56
2013,NY_GDP_PCAP,,PT,2023-05-01,-0.19
2014,NY_GDP_PCAP,,PT,2023-05-01,0.16
2015,NY_GDP_PCAP,,PT,2023-05-01,-0.37
2016,NY_GDP_PCAP,,PT,2023-05-01,-1.32
2017,NY_GDP_PCAP,,PT,2023-05-01,2.59
2018,NY_GDP_PCAP,,PT,2023-05-01,2.61
2019,NY_GDP_PCAP,,PT,2023-05-01,-7.95
2020,NY_GDP_PCAP,,PT,2023-05-01,-7.2
2021,NY_GDP_PCAP,,PT,2023-05-01,4.15
2000,SL_EMP_PCAP,,PT,2023-03-20,-4.89
2001,SL_EMP_PCAP,,PT,2023-03-20,0.15
2002,SL_EMP_PCAP,,PT,2023-03-20,-9.75
2003,SL_EMP_PCAP,,PT,2023-03-20,-17.77
2004,SL_EMP_PCAP,,PT,2023-03-20,-6.51
2005,SL_EMP_PCAP,,PT,2023-03-20,-5.64
2006,SL_EMP_PCAP,,PT,2023-03-20,-3.8
2007,SL_EMP_PCAP,,PT,2023-03-20,-4.18
2008,SL_EMP_PCAP,,PT,2023-03-20,-17.86
2009,SL_EMP_PCAP,,PT,2023-03-20,11.26
2010,SL_EMP_PCAP,,PT,2023-03-20,18.74
2011,SL_EMP_PCAP,,PT,2023-03-20,13.11
2012,SL_EMP_PCAP,,PT,2023-03-20,14.3
2013,SL_EMP_PCAP,,PT,2023-03-20,-0.6
2014,SL_EMP_PCAP,,PT,2023-03-20,-0.52
2015,SL_EMP_PCAP,,PT,2023-03-20,-0.42
2016,SL_EMP_PCAP,,PT,2023-03-20,-1.45
2017,SL_EMP_PCAP,,PT,2023-03-20,2.5
2018,SL_EMP_PCAP,,PT,2023-03-20,2.75
2019,SL_EMP_PCAP,,PT,2023-03-20,-7.83
2020,SL_EMP_PCAP,,PT,2023-03-20,-6.13
2021,SL_EMP_PCAP,,PT,2023-03-20,4.03
2022,SL_EMP_PCAP,,PT,2023-03-20,-0.35
