Year,SERIES,UNIT_MEASURE,DATA_LAST_UPDATE,Value
1970,BX_KLT_DINV_WD_GD_ZS,PT,2023-03-10,0.99087
1971,BX_KLT_DINV_WD_GD_ZS,PT,2023-03-10,1.00243
1972,BX_KLT_DINV_WD_GD_ZS,PT,2023-03-10,0.87724
1973,BX_KLT_DINV_WD_GD_ZS,PT,2023-03-10,0.92133
1974,BX_KLT_DINV_WD_GD_ZS,PT,2023-03-10,0.83748
1975,BX_KLT_DINV_WD_GD_ZS,PT,2023-03-10,0.66044
1976,BX_KLT_DINV_WD_GD_ZS,PT,2023-03-10,0.67363
1977,BX_KLT_DINV_WD_GD_ZS,PT,2023-03-10,-0.08742
1978,BX_KLT_DINV_WD_GD_ZS,PT,2023-03-10,0.05789
1979,BX_KLT_DINV_WD_GD_ZS,PT,2023-03-10,0.00284
1980,BX_KLT_DINV_WD_GD_ZS,PT,2023-03-10,0.0232
1981,BX_KLT_DINV_WD_GD_ZS,PT,2023-03-10,0.04426
1982,BX_KLT_DINV_WD_GD_ZS,PT,2023-03-10,-0.00985
1983,BX_KLT_DINV_WD_GD_ZS,PT,2023-03-10,-0.02672
1984,BX_KLT_DINV_WD_GD_ZS,PT,2023-03-10,-0.03917
1985,BX_KLT_DINV_WD_GD_ZS,PT,2023-03-10,0.05053
1986,BX_KLT_DINV_WD_GD_ZS,PT,2023-03-10,0.11974
1987,BX_KLT_DINV_WD_GD_ZS,PT,2023-03-10,-0.45254
1988,BX_KLT_DINV_WD_GD_ZS,PT,2023-03-10,-0.23076
1989,BX_KLT_DINV_WD_GD_ZS,PT,2023-03-10,-0.12286
1990,BX_KLT_DINV_WD_GD_ZS,PT,2023-03-10,-0.13896
1991,BX_KLT_DINV_WD_GD_ZS,PT,2023-03-10,0.03229
1992,BX_KLT_DINV_WD_GD_ZS,PT,2023-03-10,0.22143
1993,BX_KLT_DINV_WD_GD_ZS,PT,2023-03-10,0.4259
1994,BX_KLT_DINV_WD_GD_ZS,PT,2023-03-10,0.50284
1995,BX_KLT_DINV_WD_GD_ZS,PT,2023-03-10,1.65512
1996,BX_KLT_DINV_WD_GD_ZS,PT,2023-03-10,0.94585
1997,BX_KLT_DINV_WD_GD_ZS,PT,2023-03-10,1.5839
1998,BX_KLT_DINV_WD_GD_ZS,PT,2023-03-10,6.94005
1999,BX_KLT_DINV_WD_GD_ZS,PT,2023-03-10,0.86031
2000,BX_KLT_DINV_WD_GD_ZS,PT,2023-03-10,0.34679
2001,BX_KLT_DINV_WD_GD_ZS,PT,2023-03-10,0.05607
2002,BX_KLT_DINV_WD_GD_ZS,PT,2023-03-10,0.40838
2003,BX_KLT_DINV_WD_GD_ZS,PT,2023-03-10,0.06635
2004,BX_KLT_DINV_WD_GD_ZS,PT,2023-03-10,0.14986
2005,BX_KLT_DINV_WD_GD_ZS,PT,2023-03-10,1.78621
2006,BX_KLT_DINV_WD_GD_ZS,PT,2023-03-10,0.73477
2007,BX_KLT_DINV_WD_GD_ZS,PT,2023-03-10,1.30198
2008,BX_KLT_DINV_WD_GD_ZS,PT,2023-03-10,1.16856
2009,BX_KLT_DINV_WD_GD_ZS,PT,2023-03-10,1.08631
2010,BX_KLT_DINV_WD_GD_ZS,PT,2023-03-10,1.01802
2011,BX_KLT_DINV_WD_GD_ZS,PT,2023-03-10,2.44151
2012,BX_KLT_DINV_WD_GD_ZS,PT,2023-03-10,2.04413
2013,BX_KLT_DINV_WD_GD_ZS,PT,2023-03-10,1.95406
2014,BX_KLT_DINV_WD_GD_ZS,PT,2023-03-10,2.42517
2015,BX_KLT_DINV_WD_GD_ZS,PT,2023-03-10,1.99969
2016,BX_KLT_DINV_WD_GD_ZS,PT,2023-03-10,1.66927
2017,BX_KLT_DINV_WD_GD_ZS,PT,2023-03-10,1.74688
2018,BX_KLT_DINV_WD_GD_ZS,PT,2023-03-10,2.10172
2019,BX_KLT_DINV_WD_GD_ZS,PT,2023-03-10,1.14281
2020,BX_KLT_DINV_WD_GD_ZS,PT,2023-03-10,0.69903
2021,BX_KLT_DINV_WD_GD_ZS,PT,2023-03-10,0.5851
1990,GF_FRN_FDI,USD,2023-11-22,12.2
1991,GF_FRN_FDI,USD,2023-11-22,2.8
1992,GF_FRN_FDI,USD,2023-11-22,19.0
1993,GF_FRN_FDI,USD,2023-11-22,38.0
1994,GF_FRN_FDI,USD,2023-11-22,41.0
1995,GF_FRN_FDI,USD,2023-11-22,117.7
1996,GF_FRN_FDI,USD,2023-11-22,80.9
1997,GF_FRN_FDI,USD,2023-11-22,135.1
1998,GF_FRN_FDI,USD,2023-11-22,444.3
1999,GF_FRN_FDI,USD,2023-11-22,59.0
2000,GF_FRN_FDI,USD,2023-11-22,23.2
2001,GF_FRN_FDI,USD,2023-11-22,3.8
2002,GF_FRN_FDI,USD,2023-11-22,25.9
2003,GF_FRN_FDI,USD,2023-11-22,3.8
2004,GF_FRN_FDI,USD,2023-11-22,8.7
2005,GF_FRN_FDI,USD,2023-11-22,102.8
2006,GF_FRN_FDI,USD,2023-11-22,40.0
2007,GF_FRN_FDI,USD,2023-11-22,68.9
2008,GF_FRN_FDI,USD,2023-11-22,51.6
2009,GF_FRN_FDI,USD,2023-11-22,105.0
2010,GF_FRN_FDI,USD,2023-11-22,166.0
2011,GF_FRN_FDI,USD,2023-11-22,387.0
2012,GF_FRN_FDI,USD,2023-11-22,400.0
2013,GF_FRN_FDI,USD,2023-11-22,400.0
2014,GF_FRN_FDI,USD,2023-11-22,545.0
2015,GF_FRN_FDI,USD,2023-11-22,421.0
2016,GF_FRN_FDI,USD,2023-11-22,372.0
2017,GF_FRN_FDI,USD,2023-11-22,349.0
2018,GF_FRN_FDI,USD,2023-11-22,745.00794
2019,GF_FRN_FDI,USD,2023-11-22,280.0
2020,GF_FRN_FDI,USD,2023-11-22,194.0
2021,GF_FRN_FDI,USD,2023-11-22,250.0
2022,GF_FRN_FDI,USD,2023-11-22,341.5
