Year,COMPOSITE_BREAKDOWN,Value
2014,SKILL_ICTATCH,0.62054
2020,SKILL_ICTATCH,0.99702
2014,SKILL_ICTCDV,0.53084
2020,SKILL_ICTCDV,0.74896
2014,SKILL_ICTCMFL,0.59397
2014,SKILL_ICTCPT,0.60058
2020,SKILL_ICTCPT,0.83974
2014,SKILL_ICTPRGM,0.56462
2020,SKILL_ICTPRGM,0.57978
2020,SKILL_ICTPRVCY,0.81201
2014,SKILL_ICTPST,0.5596
2020,SKILL_ICTPST,0.77757
2020,SKILL_ICTSCRTY,0.75525
2014,SKILL_ICTSFWR,0.50535
2020,SKILL_ICTSFWR,0.80951
2014,SKILL_ICTSSHT,0.61515
2020,SKILL_ICTSSHT,0.81107
2014,SKILL_ICTTRFF,0.55556
2020,SKILL_ICTTRFF,0.81478
