Year,SERIES,SEX,AGE,COMPOSITE_BREAKDOWN,ACTIVITY,UNIT_MEASURE,DATA_LAST_UPDATE,Value
2016,EN_SCP_FRMN,,,,,NUMBER,2023-05-15,1.0
2017,EN_SCP_FRMN,,,,,NUMBER,2023-05-15,1.0
2018,EN_SCP_FRMN,,,,,NUMBER,2023-05-15,1.0
2019,EN_SCP_FRMN,,,,,NUMBER,2023-05-15,1.0
2020,EN_SCP_FRMN,,,,,NUMBER,2023-05-15,1.0
2021,EN_SCP_FRMN,,,,,NUMBER,2023-05-15,1.0
2016,EN_SCP_FRMN,,,,ISIC4_C,NUMBER,2023-05-15,1.0
2017,EN_SCP_FRMN,,,,ISIC4_C,NUMBER,2023-05-15,1.0
2018,EN_SCP_FRMN,,,,ISIC4_C,NUMBER,2023-05-15,1.0
2019,EN_SCP_FRMN,,,,ISIC4_C,NUMBER,2023-05-15,1.0
2020,EN_SCP_FRMN,,,,ISIC4_C,NUMBER,2023-05-15,1.0
2021,EN_SCP_FRMN,,,,ISIC4_C,NUMBER,2023-05-15,1.0
2016,EN_SCP_FRMN,,,,ISIC4_G,NUMBER,2023-05-15,1.0
2017,EN_SCP_FRMN,,,,ISIC4_G,NUMBER,2023-05-15,1.0
2018,EN_SCP_FRMN,,,,ISIC4_G,NUMBER,2023-05-15,1.0
2019,EN_SCP_FRMN,,,,ISIC4_G,NUMBER,2023-05-15,1.0
2020,EN_SCP_FRMN,,,,ISIC4_G,NUMBER,2023-05-15,1.0
2021,EN_SCP_FRMN,,,,ISIC4_G,NUMBER,2023-05-15,1.0
2000,ER_GRF_ANIMKPT,,,,,NUMBER,2023-09-28,2.0
2001,ER_GRF_ANIMKPT,,,,,NUMBER,2023-09-28,2.0
2002,ER_GRF_ANIMKPT,,,,,NUMBER,2023-09-28,2.0
2003,ER_GRF_ANIMKPT,,,,,NUMBER,2023-09-28,2.0
2004,ER_GRF_ANIMKPT,,,,,NUMBER,2023-09-28,2.0
2005,ER_GRF_ANIMKPT,,,,,NUMBER,2023-09-28,2.0
2006,ER_GRF_ANIMKPT,,,,,NUMBER,2023-09-28,7.0
2007,ER_GRF_ANIMKPT,,,,,NUMBER,2023-09-28,7.0
2008,ER_GRF_ANIMKPT,,,,,NUMBER,2023-09-28,7.0
2009,ER_GRF_ANIMKPT,,,,,NUMBER,2023-09-28,7.0
2010,ER_GRF_ANIMKPT,,,,,NUMBER,2023-09-28,7.0
2011,ER_GRF_ANIMKPT,,,,,NUMBER,2023-09-28,7.0
2012,ER_GRF_ANIMKPT,,,,,NUMBER,2023-09-28,7.0
2013,ER_GRF_ANIMKPT,,,,,NUMBER,2023-09-28,7.0
2014,ER_GRF_ANIMKPT,,,,,NUMBER,2023-09-28,7.0
2015,ER_GRF_ANIMKPT,,,,,NUMBER,2023-09-28,7.0
2016,ER_GRF_ANIMKPT,,,,,NUMBER,2023-09-28,7.0
2017,ER_GRF_ANIMKPT,,,,,NUMBER,2023-09-28,7.0
2018,ER_GRF_ANIMKPT,,,,,NUMBER,2023-09-28,7.0
2019,ER_GRF_ANIMKPT,,,,,NUMBER,2023-09-28,7.0
2020,ER_GRF_ANIMKPT,,,,,NUMBER,2023-09-28,7.0
2021,ER_GRF_ANIMKPT,,,,,NUMBER,2023-09-28,7.0
2022,ER_GRF_ANIMKPT,,,,,NUMBER,2023-09-28,7.0
2023,ER_GRF_ANIMKPT,,,,,NUMBER,2023-09-28,7.0
2000,ER_GRF_ANIMKPT_TRB,,,,,NUMBER,2023-09-28,6.0
2001,ER_GRF_ANIMKPT_TRB,,,,,NUMBER,2023-09-28,6.0
2002,ER_GRF_ANIMKPT_TRB,,,,,NUMBER,2023-09-28,6.0
2003,ER_GRF_ANIMKPT_TRB,,,,,NUMBER,2023-09-28,6.0
2004,ER_GRF_ANIMKPT_TRB,,,,,NUMBER,2023-09-28,6.0
2005,ER_GRF_ANIMKPT_TRB,,,,,NUMBER,2023-09-28,6.0
2006,ER_GRF_ANIMKPT_TRB,,,,,NUMBER,2023-09-28,51.0
2007,ER_GRF_ANIMKPT_TRB,,,,,NUMBER,2023-09-28,51.0
2008,ER_GRF_ANIMKPT_TRB,,,,,NUMBER,2023-09-28,51.0
2009,ER_GRF_ANIMKPT_TRB,,,,,NUMBER,2023-09-28,51.0
2010,ER_GRF_ANIMKPT_TRB,,,,,NUMBER,2023-09-28,51.0
2011,ER_GRF_ANIMKPT_TRB,,,,,NUMBER,2023-09-28,51.0
2012,ER_GRF_ANIMKPT_TRB,,,,,NUMBER,2023-09-28,51.0
2013,ER_GRF_ANIMKPT_TRB,,,,,NUMBER,2023-09-28,51.0
2014,ER_GRF_ANIMKPT_TRB,,,,,NUMBER,2023-09-28,51.0
2015,ER_GRF_ANIMKPT_TRB,,,,,NUMBER,2023-09-28,51.0
2016,ER_GRF_ANIMKPT_TRB,,,,,NUMBER,2023-09-28,51.0
2017,ER_GRF_ANIMKPT_TRB,,,,,NUMBER,2023-09-28,51.0
2018,ER_GRF_ANIMKPT_TRB,,,,,NUMBER,2023-09-28,51.0
2019,ER_GRF_ANIMKPT_TRB,,,,,NUMBER,2023-09-28,51.0
2020,ER_GRF_ANIMKPT_TRB,,,,,NUMBER,2023-09-28,51.0
2021,ER_GRF_ANIMKPT_TRB,,,,,NUMBER,2023-09-28,51.0
2022,ER_GRF_ANIMKPT_TRB,,,,,NUMBER,2023-09-28,51.0
2023,ER_GRF_ANIMKPT_TRB,,,,,NUMBER,2023-09-28,51.0
2000,ER_GRF_ANIMRCNTN_TRB,,,,,NUMBER,2023-09-28,
2001,ER_GRF_ANIMRCNTN_TRB,,,,,NUMBER,2023-09-28,
2002,ER_GRF_ANIMRCNTN_TRB,,,,,NUMBER,2023-09-28,
2003,ER_GRF_ANIMRCNTN_TRB,,,,,NUMBER,2023-09-28,
2004,ER_GRF_ANIMRCNTN_TRB,,,,,NUMBER,2023-09-28,
2005,ER_GRF_ANIMRCNTN_TRB,,,,,NUMBER,2023-09-28,
2006,ER_GRF_ANIMRCNTN_TRB,,,,,NUMBER,2023-09-28,
2007,ER_GRF_ANIMRCNTN_TRB,,,,,NUMBER,2023-09-28,
2008,ER_GRF_ANIMRCNTN_TRB,,,,,NUMBER,2023-09-28,
2009,ER_GRF_ANIMRCNTN_TRB,,,,,NUMBER,2023-09-28,
2010,ER_GRF_ANIMRCNTN_TRB,,,,,NUMBER,2023-09-28,
2011,ER_GRF_ANIMRCNTN_TRB,,,,,NUMBER,2023-09-28,
2012,ER_GRF_ANIMRCNTN_TRB,,,,,NUMBER,2023-09-28,
2013,ER_GRF_ANIMRCNTN_TRB,,,,,NUMBER,2023-09-28,
2014,ER_GRF_ANIMRCNTN_TRB,,,,,NUMBER,2023-09-28,
2015,ER_GRF_ANIMRCNTN_TRB,,,,,NUMBER,2023-09-28,
2016,ER_GRF_ANIMRCNTN_TRB,,,,,NUMBER,2023-09-28,
2017,ER_GRF_ANIMRCNTN_TRB,,,,,NUMBER,2023-09-28,
2018,ER_GRF_ANIMRCNTN_TRB,,,,,NUMBER,2023-09-28,1.0
2019,ER_GRF_ANIMRCNTN_TRB,,,,,NUMBER,2023-09-28,1.0
2020,ER_GRF_ANIMRCNTN_TRB,,,,,NUMBER,2023-09-28,1.0
2021,ER_GRF_ANIMRCNTN_TRB,,,,,NUMBER,2023-09-28,1.0
2022,ER_GRF_ANIMRCNTN_TRB,,,,,NUMBER,2023-09-28,1.0
2023,ER_GRF_ANIMRCNTN_TRB,,,,,NUMBER,2023-09-28,1.0
2000,ER_NOEX_LBREDN,,,,,NUMBER,2023-09-28,2.0
2001,ER_NOEX_LBREDN,,,,,NUMBER,2023-09-28,2.0
2002,ER_NOEX_LBREDN,,,,,NUMBER,2023-09-28,2.0
2003,ER_NOEX_LBREDN,,,,,NUMBER,2023-09-28,2.0
2004,ER_NOEX_LBREDN,,,,,NUMBER,2023-09-28,2.0
2005,ER_NOEX_LBREDN,,,,,NUMBER,2023-09-28,2.0
2006,ER_NOEX_LBREDN,,,,,NUMBER,2023-09-28,4.0
2007,ER_NOEX_LBREDN,,,,,NUMBER,2023-09-28,4.0
2008,ER_NOEX_LBREDN,,,,,NUMBER,2023-09-28,4.0
2009,ER_NOEX_LBREDN,,,,,NUMBER,2023-09-28,4.0
2010,ER_NOEX_LBREDN,,,,,NUMBER,2023-09-28,4.0
2011,ER_NOEX_LBREDN,,,,,NUMBER,2023-09-28,4.0
2012,ER_NOEX_LBREDN,,,,,NUMBER,2023-09-28,4.0
2013,ER_NOEX_LBREDN,,,,,NUMBER,2023-09-28,4.0
2014,ER_NOEX_LBREDN,,,,,NUMBER,2023-09-28,4.0
2015,ER_NOEX_LBREDN,,,,,NUMBER,2023-09-28,4.0
2016,ER_NOEX_LBREDN,,,,,NUMBER,2023-09-28,4.0
2017,ER_NOEX_LBREDN,,,,,NUMBER,2023-09-28,4.0
2018,ER_NOEX_LBREDN,,,,,NUMBER,2023-09-28,4.0
2019,ER_NOEX_LBREDN,,,,,NUMBER,2023-09-28,4.0
2020,ER_NOEX_LBREDN,,,,,NUMBER,2023-09-28,4.0
2021,ER_NOEX_LBREDN,,,,,NUMBER,2023-09-28,4.0
2022,ER_NOEX_LBREDN,,,,,NUMBER,2023-09-28,4.0
2023,ER_NOEX_LBREDN,,,,,NUMBER,2023-09-28,4.0
2000,ER_UNK_LBREDN,,,,,NUMBER,2023-09-28,0.0
2001,ER_UNK_LBREDN,,,,,NUMBER,2023-09-28,0.0
2002,ER_UNK_LBREDN,,,,,NUMBER,2023-09-28,2.0
2003,ER_UNK_LBREDN,,,,,NUMBER,2023-09-28,2.0
2004,ER_UNK_LBREDN,,,,,NUMBER,2023-09-28,2.0
2005,ER_UNK_LBREDN,,,,,NUMBER,2023-09-28,2.0
2006,ER_UNK_LBREDN,,,,,NUMBER,2023-09-28,4.0
2007,ER_UNK_LBREDN,,,,,NUMBER,2023-09-28,4.0
2008,ER_UNK_LBREDN,,,,,NUMBER,2023-09-28,4.0
2009,ER_UNK_LBREDN,,,,,NUMBER,2023-09-28,4.0
2010,ER_UNK_LBREDN,,,,,NUMBER,2023-09-28,4.0
2011,ER_UNK_LBREDN,,,,,NUMBER,2023-09-28,4.0
2012,ER_UNK_LBREDN,,,,,NUMBER,2023-09-28,4.0
2013,ER_UNK_LBREDN,,,,,NUMBER,2023-09-28,4.0
2014,ER_UNK_LBREDN,,,,,NUMBER,2023-09-28,4.0
2015,ER_UNK_LBREDN,,,,,NUMBER,2023-09-28,4.0
2016,ER_UNK_LBREDN,,,,,NUMBER,2023-09-28,4.0
2017,ER_UNK_LBREDN,,,,,NUMBER,2023-09-28,4.0
2018,ER_UNK_LBREDN,,,,,NUMBER,2023-09-28,4.0
2019,ER_UNK_LBREDN,,,,,NUMBER,2023-09-28,4.0
2020,ER_UNK_LBREDN,,,,,NUMBER,2023-09-28,4.0
2021,ER_UNK_LBREDN,,,,,NUMBER,2023-09-28,4.0
2022,ER_UNK_LBREDN,,,,,NUMBER,2023-09-28,4.0
2023,ER_UNK_LBREDN,,,,,NUMBER,2023-09-28,4.0
2006,FB_ATM_TOTL,,Y_GE15,,,PER_100000_POP,2023-03-29,7.22126646179355
2007,FB_ATM_TOTL,,Y_GE15,,,PER_100000_POP,2023-03-29,7.70060598912896
2008,FB_ATM_TOTL,,Y_GE15,,,PER_100000_POP,2023-03-29,7.46790246011686
2009,FB_ATM_TOTL,,Y_GE15,,,PER_100000_POP,2023-03-29,7.9429448597498
2010,FB_ATM_TOTL,,Y_GE15,,,PER_100000_POP,2023-03-29,5.39503236210162
2011,FB_ATM_TOTL,,Y_GE15,,,PER_100000_POP,2023-03-29,4.40934728338915
2012,FB_ATM_TOTL,,Y_GE15,,,PER_100000_POP,2023-03-29,4.91661086181878
2013,FB_ATM_TOTL,,Y_GE15,,,PER_100000_POP,2023-03-29,4.84938007029267
2014,FB_ATM_TOTL,,Y_GE15,,,PER_100000_POP,2023-03-29,6.03424305087238
2015,FB_ATM_TOTL,,Y_GE15,,,PER_100000_POP,2023-03-29,7.1570894183819
2016,FB_ATM_TOTL,,Y_GE15,,,PER_100000_POP,2023-03-29,7.07334725460893
2017,FB_ATM_TOTL,,Y_GE15,,,PER_100000_POP,2023-03-29,6.88928478822669
2018,FB_ATM_TOTL,,Y_GE15,,,PER_100000_POP,2023-03-29,6.6253020163764
2019,FB_ATM_TOTL,,Y_GE15,,,PER_100000_POP,2023-03-29,6.39813693807359
2020,FB_ATM_TOTL,,Y_GE15,,,PER_100000_POP,2023-03-29,6.16189260909938
2021,FB_ATM_TOTL,,Y_GE15,,,PER_100000_POP,2023-03-29,6.05251004140775
2004,FB_CBK_BRCH,,Y_GE15,,,PER_100000_POP,2023-03-29,2.8810349699457
2005,FB_CBK_BRCH,,Y_GE15,,,PER_100000_POP,2023-03-29,3.9105779297711
2006,FB_CBK_BRCH,,Y_GE15,,,PER_100000_POP,2023-03-29,3.66661204067812
2007,FB_CBK_BRCH,,Y_GE15,,,PER_100000_POP,2023-03-29,4.0931148951226
2008,FB_CBK_BRCH,,Y_GE15,,,PER_100000_POP,2023-03-29,3.41075471474951
2009,FB_CBK_BRCH,,Y_GE15,,,PER_100000_POP,2023-03-29,4.53687931097201
2010,FB_CBK_BRCH,,Y_GE15,,,PER_100000_POP,2023-03-29,4.80157880227045
2011,FB_CBK_BRCH,,Y_GE15,,,PER_100000_POP,2023-03-29,6.22104284393575
2012,FB_CBK_BRCH,,Y_GE15,,,PER_100000_POP,2023-03-29,12.9751201085966
2013,FB_CBK_BRCH,,Y_GE15,,,PER_100000_POP,2023-03-29,13.7053335141694
2014,FB_CBK_BRCH,,Y_GE15,,,PER_100000_POP,2023-03-29,14.7659972960966
2015,FB_CBK_BRCH,,Y_GE15,,,PER_100000_POP,2023-03-29,6.01044305029607
2016,FB_CBK_BRCH,,Y_GE15,,,PER_100000_POP,2023-03-29,5.81779703894021
2017,FB_CBK_BRCH,,Y_GE15,,,PER_100000_POP,2023-03-29,5.64113727774868
2018,FB_CBK_BRCH,,Y_GE15,,,PER_100000_POP,2023-03-29,5.48300856527702
2019,FB_CBK_BRCH,,Y_GE15,,,PER_100000_POP,2023-03-29,3.75388846182177
2020,FB_CBK_BRCH,,Y_GE15,,,PER_100000_POP,2023-03-29,4.16970176555597
2021,FB_CBK_BRCH,,Y_GE15,,,PER_100000_POP,2023-03-29,6.21059799025049
2021,SG_DMK_PARLCC_LC,F,Y_GE46,PC_GEN_EQU,,NUMBER,2023-03-06,1.0
2022,SG_DMK_PARLCC_LC,F,Y_GE46,PC_GEN_EQU,,NUMBER,2023-03-06,1.0
2023,SG_DMK_PARLCC_LC,F,Y_GE46,PC_GEN_EQU,,NUMBER,2023-03-06,1.0
2021,SG_DMK_PARLCC_LC,M,_U,PC_FOR_AFF,,NUMBER,2023-03-06,1.0
2022,SG_DMK_PARLCC_LC,M,_U,PC_FOR_AFF,,NUMBER,2023-03-06,1.0
2023,SG_DMK_PARLCC_LC,M,_U,PC_FOR_AFF,,NUMBER,2023-03-06,1.0
2021,SG_DMK_PARLCC_LC,M,Y_GE46,PC_DEFENCE,,NUMBER,2023-03-06,1.0
2022,SG_DMK_PARLCC_LC,M,Y_GE46,PC_DEFENCE,,NUMBER,2023-03-06,1.0
2023,SG_DMK_PARLCC_LC,M,Y_GE46,PC_DEFENCE,,NUMBER,2023-03-06,1.0
2021,SG_DMK_PARLCC_LC,M,Y_GE46,PC_FINANCE,,NUMBER,2023-03-06,1.0
2022,SG_DMK_PARLCC_LC,M,Y_GE46,PC_FINANCE,,NUMBER,2023-03-06,1.0
2023,SG_DMK_PARLCC_LC,M,Y_GE46,PC_FINANCE,,NUMBER,2023-03-06,1.0
2021,SG_DMK_PARLCC_LC,M,Y_GE46,PC_HUM_RIGH,,NUMBER,2023-03-06,1.0
2022,SG_DMK_PARLCC_LC,M,Y_GE46,PC_HUM_RIGH,,NUMBER,2023-03-06,1.0
2023,SG_DMK_PARLCC_LC,M,Y_GE46,PC_HUM_RIGH,,NUMBER,2023-03-06,1.0
2021,SG_DMK_PARLCC_UC,_X,_X,PC_DEFENCE,,NUMBER,2023-03-06,0.0
2022,SG_DMK_PARLCC_UC,_X,_X,PC_DEFENCE,,NUMBER,2023-03-06,0.0
2023,SG_DMK_PARLCC_UC,_X,_X,PC_DEFENCE,,NUMBER,2023-03-06,0.0
2021,SG_DMK_PARLCC_UC,_X,_X,PC_FINANCE,,NUMBER,2023-03-06,0.0
2022,SG_DMK_PARLCC_UC,_X,_X,PC_FINANCE,,NUMBER,2023-03-06,0.0
2023,SG_DMK_PARLCC_UC,_X,_X,PC_FINANCE,,NUMBER,2023-03-06,0.0
2021,SG_DMK_PARLCC_UC,_X,_X,PC_FOR_AFF,,NUMBER,2023-03-06,0.0
2022,SG_DMK_PARLCC_UC,_X,_X,PC_FOR_AFF,,NUMBER,2023-03-06,0.0
2023,SG_DMK_PARLCC_UC,_X,_X,PC_FOR_AFF,,NUMBER,2023-03-06,0.0
2021,SG_DMK_PARLCC_UC,F,_U,PC_GEN_EQU,,NUMBER,2023-03-06,1.0
2022,SG_DMK_PARLCC_UC,F,_U,PC_GEN_EQU,,NUMBER,2023-03-06,1.0
2023,SG_DMK_PARLCC_UC,F,_U,PC_GEN_EQU,,NUMBER,2023-03-06,1.0
2021,SG_DMK_PARLCC_UC,M,_U,PC_HUM_RIGH,,NUMBER,2023-03-06,1.0
2022,SG_DMK_PARLCC_UC,M,_U,PC_HUM_RIGH,,NUMBER,2023-03-06,1.0
2023,SG_DMK_PARLCC_UC,M,_U,PC_HUM_RIGH,,NUMBER,2023-03-06,1.0
2021,SG_DMK_PARLSP_LC,M,Y_GE46,,,NUMBER,2023-03-03,1.0
2022,SG_DMK_PARLSP_LC,M,Y_GE46,,,NUMBER,2023-03-03,1.0
2023,SG_DMK_PARLSP_LC,M,Y_GE46,,,NUMBER,2023-03-03,1.0
2021,SG_DMK_PARLSP_UC,F,Y_GE46,,,NUMBER,2023-03-03,1.0
2022,SG_DMK_PARLSP_UC,F,Y_GE46,,,NUMBER,2023-03-03,1.0
2023,SG_DMK_PARLSP_UC,F,Y_GE46,,,NUMBER,2023-03-03,1.0
2017,SG_DSR_SILN,,,,,NUMBER,2023-03-29,60.0
2018,SG_DSR_SILN,,,,,NUMBER,2023-03-29,65.0
2019,SG_DSR_SILN,,,,,NUMBER,2023-03-29,65.0
2000,SG_GEN_PARLN,F,,,,NUMBER,2023-03-03,21.0
2001,SG_GEN_PARLN,F,,,,NUMBER,2023-03-03,14.0
2002,SG_GEN_PARLN,F,,,,NUMBER,2023-03-03,15.0
2003,SG_GEN_PARLN,F,,,,NUMBER,2023-03-03,15.0
2004,SG_GEN_PARLN,F,,,,NUMBER,2023-03-03,15.0
2005,SG_GEN_PARLN,F,,,,NUMBER,2023-03-03,15.0
2006,SG_GEN_PARLN,F,,,,NUMBER,2023-03-03,24.0
2007,SG_GEN_PARLN,F,,,,NUMBER,2023-03-03,25.0
2008,SG_GEN_PARLN,F,,,,NUMBER,2023-03-03,24.0
2009,SG_GEN_PARLN,F,,,,NUMBER,2023-03-03,32.0
2010,SG_GEN_PARLN,F,,,,NUMBER,2023-03-03,32.0
2011,SG_GEN_PARLN,F,,,,NUMBER,2023-03-03,32.0
2012,SG_GEN_PARLN,F,,,,NUMBER,2023-03-03,32.0
2013,SG_GEN_PARLN,F,,,,NUMBER,2023-03-03,32.0
2014,SG_GEN_PARLN,F,,,,NUMBER,2023-03-03,85.0
2015,SG_GEN_PARLN,F,,,,NUMBER,2023-03-03,85.0
2016,SG_GEN_PARLN,F,,,,NUMBER,2023-03-03,85.0
2017,SG_GEN_PARLN,F,,,,NUMBER,2023-03-03,88.0
2018,SG_GEN_PARLN,F,,,,NUMBER,2023-03-03,83.0
2019,SG_GEN_PARLN,F,,,,NUMBER,2023-03-03,86.0
2020,SG_GEN_PARLN,F,,,,NUMBER,2023-03-03,86.0
2021,SG_GEN_PARLN,F,,,,NUMBER,2023-03-03,86.0
2022,SG_GEN_PARLN,F,,,,NUMBER,2023-03-03,81.0
2023,SG_GEN_PARLN,F,,,,NUMBER,2023-03-03,81.0
2017,SG_GOV_LOGV,,,,,NUMBER,2023-03-29,72.0
2018,SG_GOV_LOGV,,,,,NUMBER,2023-03-29,72.0
2019,SG_GOV_LOGV,,,,,NUMBER,2023-03-29,72.0
2018,SG_PLN_MSTKSDG_R,,,,,NUMBER,2022-03-02,1.0
2000,SH_HIV_INCD,,,,,PER_1000_UNINFECTED_POP,2023-02-20,12.86442
2001,SH_HIV_INCD,,,,,PER_1000_UNINFECTED_POP,2023-02-20,11.96385
2002,SH_HIV_INCD,,,,,PER_1000_UNINFECTED_POP,2023-02-20,11.03773
2003,SH_HIV_INCD,,,,,PER_1000_UNINFECTED_POP,2023-02-20,10.26833
2004,SH_HIV_INCD,,,,,PER_1000_UNINFECTED_POP,2023-02-20,9.74829
2005,SH_HIV_INCD,,,,,PER_1000_UNINFECTED_POP,2023-02-20,9.19681
2006,SH_HIV_INCD,,,,,PER_1000_UNINFECTED_POP,2023-02-20,8.77657
2007,SH_HIV_INCD,,,,,PER_1000_UNINFECTED_POP,2023-02-20,8.28585
2008,SH_HIV_INCD,,,,,PER_1000_UNINFECTED_POP,2023-02-20,7.80742
2009,SH_HIV_INCD,,,,,PER_1000_UNINFECTED_POP,2023-02-20,7.31466
2010,SH_HIV_INCD,,,,,PER_1000_UNINFECTED_POP,2023-02-20,6.73281
2011,SH_HIV_INCD,,,,,PER_1000_UNINFECTED_POP,2023-02-20,6.05085
2012,SH_HIV_INCD,,,,,PER_1000_UNINFECTED_POP,2023-02-20,5.13012
2013,SH_HIV_INCD,,,,,PER_1000_UNINFECTED_POP,2023-02-20,4.77041
2014,SH_HIV_INCD,,,,,PER_1000_UNINFECTED_POP,2023-02-20,4.28983
2015,SH_HIV_INCD,,,,,PER_1000_UNINFECTED_POP,2023-02-20,3.85672
2016,SH_HIV_INCD,,,,,PER_1000_UNINFECTED_POP,2023-02-20,3.33318
2017,SH_HIV_INCD,,,,,PER_1000_UNINFECTED_POP,2023-02-20,2.85325
2018,SH_HIV_INCD,,,,,PER_1000_UNINFECTED_POP,2023-02-20,2.27403
2019,SH_HIV_INCD,,,,,PER_1000_UNINFECTED_POP,2023-02-20,1.88461
2020,SH_HIV_INCD,,,,,PER_1000_UNINFECTED_POP,2023-02-20,1.69789
2021,SH_HIV_INCD,,,,,PER_1000_UNINFECTED_POP,2023-02-20,1.51078
2000,SH_HIV_INCD,,Y_GE50,,,PER_1000_UNINFECTED_POP,2023-02-20,5.96657
2001,SH_HIV_INCD,,Y_GE50,,,PER_1000_UNINFECTED_POP,2023-02-20,5.40906
2002,SH_HIV_INCD,,Y_GE50,,,PER_1000_UNINFECTED_POP,2023-02-20,4.88168
2003,SH_HIV_INCD,,Y_GE50,,,PER_1000_UNINFECTED_POP,2023-02-20,4.49136
2004,SH_HIV_INCD,,Y_GE50,,,PER_1000_UNINFECTED_POP,2023-02-20,4.21485
2005,SH_HIV_INCD,,Y_GE50,,,PER_1000_UNINFECTED_POP,2023-02-20,3.93301
2006,SH_HIV_INCD,,Y_GE50,,,PER_1000_UNINFECTED_POP,2023-02-20,3.65754
2007,SH_HIV_INCD,,Y_GE50,,,PER_1000_UNINFECTED_POP,2023-02-20,3.40885
2008,SH_HIV_INCD,,Y_GE50,,,PER_1000_UNINFECTED_POP,2023-02-20,3.19179
2009,SH_HIV_INCD,,Y_GE50,,,PER_1000_UNINFECTED_POP,2023-02-20,2.99336
2010,SH_HIV_INCD,,Y_GE50,,,PER_1000_UNINFECTED_POP,2023-02-20,2.81799
2011,SH_HIV_INCD,,Y_GE50,,,PER_1000_UNINFECTED_POP,2023-02-20,2.55593
2012,SH_HIV_INCD,,Y_GE50,,,PER_1000_UNINFECTED_POP,2023-02-20,2.28288
2013,SH_HIV_INCD,,Y_GE50,,,PER_1000_UNINFECTED_POP,2023-02-20,2.11079
2014,SH_HIV_INCD,,Y_GE50,,,PER_1000_UNINFECTED_POP,2023-02-20,1.90473
2015,SH_HIV_INCD,,Y_GE50,,,PER_1000_UNINFECTED_POP,2023-02-20,1.69583
2016,SH_HIV_INCD,,Y_GE50,,,PER_1000_UNINFECTED_POP,2023-02-20,1.48518
2017,SH_HIV_INCD,,Y_GE50,,,PER_1000_UNINFECTED_POP,2023-02-20,1.26665
2018,SH_HIV_INCD,,Y_GE50,,,PER_1000_UNINFECTED_POP,2023-02-20,0.99859
2019,SH_HIV_INCD,,Y_GE50,,,PER_1000_UNINFECTED_POP,2023-02-20,0.81756
2020,SH_HIV_INCD,,Y_GE50,,,PER_1000_UNINFECTED_POP,2023-02-20,0.72175
2021,SH_HIV_INCD,,Y_GE50,,,PER_1000_UNINFECTED_POP,2023-02-20,0.63058
2000,SH_HIV_INCD,,Y0T14,,,PER_1000_UNINFECTED_POP,2023-02-20,7.3043
2001,SH_HIV_INCD,,Y0T14,,,PER_1000_UNINFECTED_POP,2023-02-20,6.97588
2002,SH_HIV_INCD,,Y0T14,,,PER_1000_UNINFECTED_POP,2023-02-20,6.56038
2003,SH_HIV_INCD,,Y0T14,,,PER_1000_UNINFECTED_POP,2023-02-20,6.08277
2004,SH_HIV_INCD,,Y0T14,,,PER_1000_UNINFECTED_POP,2023-02-20,5.74204
2005,SH_HIV_INCD,,Y0T14,,,PER_1000_UNINFECTED_POP,2023-02-20,5.34925
2006,SH_HIV_INCD,,Y0T14,,,PER_1000_UNINFECTED_POP,2023-02-20,5.24443
2007,SH_HIV_INCD,,Y0T14,,,PER_1000_UNINFECTED_POP,2023-02-20,4.9657
2008,SH_HIV_INCD,,Y0T14,,,PER_1000_UNINFECTED_POP,2023-02-20,4.58871
2009,SH_HIV_INCD,,Y0T14,,,PER_1000_UNINFECTED_POP,2023-02-20,4.13835
2010,SH_HIV_INCD,,Y0T14,,,PER_1000_UNINFECTED_POP,2023-02-20,3.42543
2011,SH_HIV_INCD,,Y0T14,,,PER_1000_UNINFECTED_POP,2023-02-20,2.8734
2012,SH_HIV_INCD,,Y0T14,,,PER_1000_UNINFECTED_POP,2023-02-20,1.83642
2013,SH_HIV_INCD,,Y0T14,,,PER_1000_UNINFECTED_POP,2023-02-20,1.71449
2014,SH_HIV_INCD,,Y0T14,,,PER_1000_UNINFECTED_POP,2023-02-20,1.47095
2015,SH_HIV_INCD,,Y0T14,,,PER_1000_UNINFECTED_POP,2023-02-20,1.37341
2016,SH_HIV_INCD,,Y0T14,,,PER_1000_UNINFECTED_POP,2023-02-20,1.15453
2017,SH_HIV_INCD,,Y0T14,,,PER_1000_UNINFECTED_POP,2023-02-20,0.99873
2018,SH_HIV_INCD,,Y0T14,,,PER_1000_UNINFECTED_POP,2023-02-20,0.83724
2019,SH_HIV_INCD,,Y0T14,,,PER_1000_UNINFECTED_POP,2023-02-20,0.74073
2020,SH_HIV_INCD,,Y0T14,,,PER_1000_UNINFECTED_POP,2023-02-20,0.74595
2021,SH_HIV_INCD,,Y0T14,,,PER_1000_UNINFECTED_POP,2023-02-20,0.73136
2000,SH_HIV_INCD,,Y15T24,,,PER_1000_UNINFECTED_POP,2023-02-20,19.28625
2001,SH_HIV_INCD,,Y15T24,,,PER_1000_UNINFECTED_POP,2023-02-20,17.61201
2002,SH_HIV_INCD,,Y15T24,,,PER_1000_UNINFECTED_POP,2023-02-20,16.00037
2003,SH_HIV_INCD,,Y15T24,,,PER_1000_UNINFECTED_POP,2023-02-20,14.76928
2004,SH_HIV_INCD,,Y15T24,,,PER_1000_UNINFECTED_POP,2023-02-20,13.93108
2005,SH_HIV_INCD,,Y15T24,,,PER_1000_UNINFECTED_POP,2023-02-20,13.08677
2006,SH_HIV_INCD,,Y15T24,,,PER_1000_UNINFECTED_POP,2023-02-20,12.27702
2007,SH_HIV_INCD,,Y15T24,,,PER_1000_UNINFECTED_POP,2023-02-20,11.48963
2008,SH_HIV_INCD,,Y15T24,,,PER_1000_UNINFECTED_POP,2023-02-20,10.84178
2009,SH_HIV_INCD,,Y15T24,,,PER_1000_UNINFECTED_POP,2023-02-20,10.25754
2010,SH_HIV_INCD,,Y15T24,,,PER_1000_UNINFECTED_POP,2023-02-20,9.73309
2011,SH_HIV_INCD,,Y15T24,,,PER_1000_UNINFECTED_POP,2023-02-20,8.97091
2012,SH_HIV_INCD,,Y15T24,,,PER_1000_UNINFECTED_POP,2023-02-20,8.11035
2013,SH_HIV_INCD,,Y15T24,,,PER_1000_UNINFECTED_POP,2023-02-20,7.57977
2014,SH_HIV_INCD,,Y15T24,,,PER_1000_UNINFECTED_POP,2023-02-20,6.89713
2015,SH_HIV_INCD,,Y15T24,,,PER_1000_UNINFECTED_POP,2023-02-20,6.19276
2016,SH_HIV_INCD,,Y15T24,,,PER_1000_UNINFECTED_POP,2023-02-20,5.40801
2017,SH_HIV_INCD,,Y15T24,,,PER_1000_UNINFECTED_POP,2023-02-20,4.65516
2018,SH_HIV_INCD,,Y15T24,,,PER_1000_UNINFECTED_POP,2023-02-20,3.70433
2019,SH_HIV_INCD,,Y15T24,,,PER_1000_UNINFECTED_POP,2023-02-20,3.05636
2020,SH_HIV_INCD,,Y15T24,,,PER_1000_UNINFECTED_POP,2023-02-20,2.69487
2021,SH_HIV_INCD,,Y15T24,,,PER_1000_UNINFECTED_POP,2023-02-20,2.3575
2000,SH_HIV_INCD,,Y15T49,,,PER_1000_UNINFECTED_POP,2023-02-20,20.34008
2001,SH_HIV_INCD,,Y15T49,,,PER_1000_UNINFECTED_POP,2023-02-20,18.5913
2002,SH_HIV_INCD,,Y15T49,,,PER_1000_UNINFECTED_POP,2023-02-20,16.91437
2003,SH_HIV_INCD,,Y15T49,,,PER_1000_UNINFECTED_POP,2023-02-20,15.6496
2004,SH_HIV_INCD,,Y15T49,,,PER_1000_UNINFECTED_POP,2023-02-20,14.79801
2005,SH_HIV_INCD,,Y15T49,,,PER_1000_UNINFECTED_POP,2023-02-20,13.94349
2006,SH_HIV_INCD,,Y15T49,,,PER_1000_UNINFECTED_POP,2023-02-20,13.117
2007,SH_HIV_INCD,,Y15T49,,,PER_1000_UNINFECTED_POP,2023-02-20,12.32192
2008,SH_HIV_INCD,,Y15T49,,,PER_1000_UNINFECTED_POP,2023-02-20,11.65665
2009,SH_HIV_INCD,,Y15T49,,,PER_1000_UNINFECTED_POP,2023-02-20,11.03898
2010,SH_HIV_INCD,,Y15T49,,,PER_1000_UNINFECTED_POP,2023-02-20,10.4777
2011,SH_HIV_INCD,,Y15T49,,,PER_1000_UNINFECTED_POP,2023-02-20,9.5968
2012,SH_HIV_INCD,,Y15T49,,,PER_1000_UNINFECTED_POP,2023-02-20,8.64611
2013,SH_HIV_INCD,,Y15T49,,,PER_1000_UNINFECTED_POP,2023-02-20,8.03229
2014,SH_HIV_INCD,,Y15T49,,,PER_1000_UNINFECTED_POP,2023-02-20,7.27895
2015,SH_HIV_INCD,,Y15T49,,,PER_1000_UNINFECTED_POP,2023-02-20,6.49625
2016,SH_HIV_INCD,,Y15T49,,,PER_1000_UNINFECTED_POP,2023-02-20,5.63596
2017,SH_HIV_INCD,,Y15T49,,,PER_1000_UNINFECTED_POP,2023-02-20,4.81637
2018,SH_HIV_INCD,,Y15T49,,,PER_1000_UNINFECTED_POP,2023-02-20,3.80286
2019,SH_HIV_INCD,,Y15T49,,,PER_1000_UNINFECTED_POP,2023-02-20,3.11033
2020,SH_HIV_INCD,,Y15T49,,,PER_1000_UNINFECTED_POP,2023-02-20,2.73161
2021,SH_HIV_INCD,,Y15T49,,,PER_1000_UNINFECTED_POP,2023-02-20,2.36905
2000,SH_HIV_INCD,F,,,,PER_1000_UNINFECTED_POP,2023-02-20,13.84177
2001,SH_HIV_INCD,F,,,,PER_1000_UNINFECTED_POP,2023-02-20,12.87095
2002,SH_HIV_INCD,F,,,,PER_1000_UNINFECTED_POP,2023-02-20,11.8726
2003,SH_HIV_INCD,F,,,,PER_1000_UNINFECTED_POP,2023-02-20,11.0496
2004,SH_HIV_INCD,F,,,,PER_1000_UNINFECTED_POP,2023-02-20,10.49469
2005,SH_HIV_INCD,F,,,,PER_1000_UNINFECTED_POP,2023-02-20,9.90688
2006,SH_HIV_INCD,F,,,,PER_1000_UNINFECTED_POP,2023-02-20,9.44987
2007,SH_HIV_INCD,F,,,,PER_1000_UNINFECTED_POP,2023-02-20,8.92154
2008,SH_HIV_INCD,F,,,,PER_1000_UNINFECTED_POP,2023-02-20,8.41195
2009,SH_HIV_INCD,F,,,,PER_1000_UNINFECTED_POP,2023-02-20,7.88866
2010,SH_HIV_INCD,F,,,,PER_1000_UNINFECTED_POP,2023-02-20,7.27893
2011,SH_HIV_INCD,F,,,,PER_1000_UNINFECTED_POP,2023-02-20,6.65974
2012,SH_HIV_INCD,F,,,,PER_1000_UNINFECTED_POP,2023-02-20,5.76345
2013,SH_HIV_INCD,F,,,,PER_1000_UNINFECTED_POP,2023-02-20,5.42907
2014,SH_HIV_INCD,F,,,,PER_1000_UNINFECTED_POP,2023-02-20,4.94981
2015,SH_HIV_INCD,F,,,,PER_1000_UNINFECTED_POP,2023-02-20,4.49923
2016,SH_HIV_INCD,F,,,,PER_1000_UNINFECTED_POP,2023-02-20,3.93555
2017,SH_HIV_INCD,F,,,,PER_1000_UNINFECTED_POP,2023-02-20,3.40374
2018,SH_HIV_INCD,F,,,,PER_1000_UNINFECTED_POP,2023-02-20,2.73582
2019,SH_HIV_INCD,F,,,,PER_1000_UNINFECTED_POP,2023-02-20,2.28513
2020,SH_HIV_INCD,F,,,,PER_1000_UNINFECTED_POP,2023-02-20,2.06468
2021,SH_HIV_INCD,F,,,,PER_1000_UNINFECTED_POP,2023-02-20,1.8295
2000,SH_HIV_INCD,F,Y_GE50,,,PER_1000_UNINFECTED_POP,2023-02-20,4.747
2001,SH_HIV_INCD,F,Y_GE50,,,PER_1000_UNINFECTED_POP,2023-02-20,4.31634
2002,SH_HIV_INCD,F,Y_GE50,,,PER_1000_UNINFECTED_POP,2023-02-20,3.91487
2003,SH_HIV_INCD,F,Y_GE50,,,PER_1000_UNINFECTED_POP,2023-02-20,3.60627
2004,SH_HIV_INCD,F,Y_GE50,,,PER_1000_UNINFECTED_POP,2023-02-20,3.39538
2005,SH_HIV_INCD,F,Y_GE50,,,PER_1000_UNINFECTED_POP,2023-02-20,3.17884
2006,SH_HIV_INCD,F,Y_GE50,,,PER_1000_UNINFECTED_POP,2023-02-20,2.9661
2007,SH_HIV_INCD,F,Y_GE50,,,PER_1000_UNINFECTED_POP,2023-02-20,2.77657
2008,SH_HIV_INCD,F,Y_GE50,,,PER_1000_UNINFECTED_POP,2023-02-20,2.60924
2009,SH_HIV_INCD,F,Y_GE50,,,PER_1000_UNINFECTED_POP,2023-02-20,2.45532
2010,SH_HIV_INCD,F,Y_GE50,,,PER_1000_UNINFECTED_POP,2023-02-20,2.30905
2011,SH_HIV_INCD,F,Y_GE50,,,PER_1000_UNINFECTED_POP,2023-02-20,2.16192
2012,SH_HIV_INCD,F,Y_GE50,,,PER_1000_UNINFECTED_POP,2023-02-20,1.97211
2013,SH_HIV_INCD,F,Y_GE50,,,PER_1000_UNINFECTED_POP,2023-02-20,1.85995
2014,SH_HIV_INCD,F,Y_GE50,,,PER_1000_UNINFECTED_POP,2023-02-20,1.70442
2015,SH_HIV_INCD,F,Y_GE50,,,PER_1000_UNINFECTED_POP,2023-02-20,1.54519
2016,SH_HIV_INCD,F,Y_GE50,,,PER_1000_UNINFECTED_POP,2023-02-20,1.37076
2017,SH_HIV_INCD,F,Y_GE50,,,PER_1000_UNINFECTED_POP,2023-02-20,1.18164
2018,SH_HIV_INCD,F,Y_GE50,,,PER_1000_UNINFECTED_POP,2023-02-20,0.94978
2019,SH_HIV_INCD,F,Y_GE50,,,PER_1000_UNINFECTED_POP,2023-02-20,0.78418
2020,SH_HIV_INCD,F,Y_GE50,,,PER_1000_UNINFECTED_POP,2023-02-20,0.69772
2021,SH_HIV_INCD,F,Y_GE50,,,PER_1000_UNINFECTED_POP,2023-02-20,0.60687
2000,SH_HIV_INCD,F,Y15T24,,,PER_1000_UNINFECTED_POP,2023-02-20,27.42034
2001,SH_HIV_INCD,F,Y15T24,,,PER_1000_UNINFECTED_POP,2023-02-20,24.89337
2002,SH_HIV_INCD,F,Y15T24,,,PER_1000_UNINFECTED_POP,2023-02-20,22.48053
2003,SH_HIV_INCD,F,Y15T24,,,PER_1000_UNINFECTED_POP,2023-02-20,20.64427
2004,SH_HIV_INCD,F,Y15T24,,,PER_1000_UNINFECTED_POP,2023-02-20,19.38866
2005,SH_HIV_INCD,F,Y15T24,,,PER_1000_UNINFECTED_POP,2023-02-20,18.15503
2006,SH_HIV_INCD,F,Y15T24,,,PER_1000_UNINFECTED_POP,2023-02-20,16.98868
2007,SH_HIV_INCD,F,Y15T24,,,PER_1000_UNINFECTED_POP,2023-02-20,15.87922
2008,SH_HIV_INCD,F,Y15T24,,,PER_1000_UNINFECTED_POP,2023-02-20,14.97652
2009,SH_HIV_INCD,F,Y15T24,,,PER_1000_UNINFECTED_POP,2023-02-20,14.16666
2010,SH_HIV_INCD,F,Y15T24,,,PER_1000_UNINFECTED_POP,2023-02-20,13.43617
2011,SH_HIV_INCD,F,Y15T24,,,PER_1000_UNINFECTED_POP,2023-02-20,12.53341
2012,SH_HIV_INCD,F,Y15T24,,,PER_1000_UNINFECTED_POP,2023-02-20,11.50001
2013,SH_HIV_INCD,F,Y15T24,,,PER_1000_UNINFECTED_POP,2023-02-20,10.89642
2014,SH_HIV_INCD,F,Y15T24,,,PER_1000_UNINFECTED_POP,2023-02-20,10.05473
2015,SH_HIV_INCD,F,Y15T24,,,PER_1000_UNINFECTED_POP,2023-02-20,9.14445
2016,SH_HIV_INCD,F,Y15T24,,,PER_1000_UNINFECTED_POP,2023-02-20,8.08189
2017,SH_HIV_INCD,F,Y15T24,,,PER_1000_UNINFECTED_POP,2023-02-20,7.02579
2018,SH_HIV_INCD,F,Y15T24,,,PER_1000_UNINFECTED_POP,2023-02-20,5.64407
2019,SH_HIV_INCD,F,Y15T24,,,PER_1000_UNINFECTED_POP,2023-02-20,4.69756
2020,SH_HIV_INCD,F,Y15T24,,,PER_1000_UNINFECTED_POP,2023-02-20,4.17447
2021,SH_HIV_INCD,F,Y15T24,,,PER_1000_UNINFECTED_POP,2023-02-20,3.65443
2000,SH_HIV_INCD,F,Y15T49,,,PER_1000_UNINFECTED_POP,2023-02-20,23.40461
2001,SH_HIV_INCD,F,Y15T49,,,PER_1000_UNINFECTED_POP,2023-02-20,21.39494
2002,SH_HIV_INCD,F,Y15T49,,,PER_1000_UNINFECTED_POP,2023-02-20,19.46235
2003,SH_HIV_INCD,F,Y15T49,,,PER_1000_UNINFECTED_POP,2023-02-20,18.00619
2004,SH_HIV_INCD,F,Y15T49,,,PER_1000_UNINFECTED_POP,2023-02-20,17.02769
2005,SH_HIV_INCD,F,Y15T49,,,PER_1000_UNINFECTED_POP,2023-02-20,16.04398
2006,SH_HIV_INCD,F,Y15T49,,,PER_1000_UNINFECTED_POP,2023-02-20,15.0921
2007,SH_HIV_INCD,F,Y15T49,,,PER_1000_UNINFECTED_POP,2023-02-20,14.17302
2008,SH_HIV_INCD,F,Y15T49,,,PER_1000_UNINFECTED_POP,2023-02-20,13.40566
2009,SH_HIV_INCD,F,Y15T49,,,PER_1000_UNINFECTED_POP,2023-02-20,12.69276
2010,SH_HIV_INCD,F,Y15T49,,,PER_1000_UNINFECTED_POP,2023-02-20,12.04607
2011,SH_HIV_INCD,F,Y15T49,,,PER_1000_UNINFECTED_POP,2023-02-20,11.20114
2012,SH_HIV_INCD,F,Y15T49,,,PER_1000_UNINFECTED_POP,2023-02-20,10.25782
2013,SH_HIV_INCD,F,Y15T49,,,PER_1000_UNINFECTED_POP,2023-02-20,9.67455
2014,SH_HIV_INCD,F,Y15T49,,,PER_1000_UNINFECTED_POP,2023-02-20,8.8955
2015,SH_HIV_INCD,F,Y15T49,,,PER_1000_UNINFECTED_POP,2023-02-20,8.04784
2016,SH_HIV_INCD,F,Y15T49,,,PER_1000_UNINFECTED_POP,2023-02-20,7.07258
2017,SH_HIV_INCD,F,Y15T49,,,PER_1000_UNINFECTED_POP,2023-02-20,6.11598
2018,SH_HIV_INCD,F,Y15T49,,,PER_1000_UNINFECTED_POP,2023-02-20,4.88361
2019,SH_HIV_INCD,F,Y15T49,,,PER_1000_UNINFECTED_POP,2023-02-20,4.03739
2020,SH_HIV_INCD,F,Y15T49,,,PER_1000_UNINFECTED_POP,2023-02-20,3.57501
2021,SH_HIV_INCD,F,Y15T49,,,PER_1000_UNINFECTED_POP,2023-02-20,3.0991
2000,SH_HIV_INCD,M,,,,PER_1000_UNINFECTED_POP,2023-02-20,11.90225
2001,SH_HIV_INCD,M,,,,PER_1000_UNINFECTED_POP,2023-02-20,11.07029
2002,SH_HIV_INCD,M,,,,PER_1000_UNINFECTED_POP,2023-02-20,10.21485
2003,SH_HIV_INCD,M,,,,PER_1000_UNINFECTED_POP,2023-02-20,9.49714
2004,SH_HIV_INCD,M,,,,PER_1000_UNINFECTED_POP,2023-02-20,9.00941
2005,SH_HIV_INCD,M,,,,PER_1000_UNINFECTED_POP,2023-02-20,8.49322
2006,SH_HIV_INCD,M,,,,PER_1000_UNINFECTED_POP,2023-02-20,8.10854
2007,SH_HIV_INCD,M,,,,PER_1000_UNINFECTED_POP,2023-02-20,7.65456
2008,SH_HIV_INCD,M,,,,PER_1000_UNINFECTED_POP,2023-02-20,7.20603
2009,SH_HIV_INCD,M,,,,PER_1000_UNINFECTED_POP,2023-02-20,6.74327
2010,SH_HIV_INCD,M,,,,PER_1000_UNINFECTED_POP,2023-02-20,6.18867
2011,SH_HIV_INCD,M,,,,PER_1000_UNINFECTED_POP,2023-02-20,5.43568
2012,SH_HIV_INCD,M,,,,PER_1000_UNINFECTED_POP,2023-02-20,4.49078
2013,SH_HIV_INCD,M,,,,PER_1000_UNINFECTED_POP,2023-02-20,4.10671
2014,SH_HIV_INCD,M,,,,PER_1000_UNINFECTED_POP,2023-02-20,3.62599
2015,SH_HIV_INCD,M,,,,PER_1000_UNINFECTED_POP,2023-02-20,3.21084
2016,SH_HIV_INCD,M,,,,PER_1000_UNINFECTED_POP,2023-02-20,2.72841
2017,SH_HIV_INCD,M,,,,PER_1000_UNINFECTED_POP,2023-02-20,2.30164
2018,SH_HIV_INCD,M,,,,PER_1000_UNINFECTED_POP,2023-02-20,1.81153
2019,SH_HIV_INCD,M,,,,PER_1000_UNINFECTED_POP,2023-02-20,1.48451
2020,SH_HIV_INCD,M,,,,PER_1000_UNINFECTED_POP,2023-02-20,1.33137
2021,SH_HIV_INCD,M,,,,PER_1000_UNINFECTED_POP,2023-02-20,1.19214
2000,SH_HIV_INCD,M,Y_GE50,,,PER_1000_UNINFECTED_POP,2023-02-20,7.41304
2001,SH_HIV_INCD,M,Y_GE50,,,PER_1000_UNINFECTED_POP,2023-02-20,6.72599
2002,SH_HIV_INCD,M,Y_GE50,,,PER_1000_UNINFECTED_POP,2023-02-20,6.07452
2003,SH_HIV_INCD,M,Y_GE50,,,PER_1000_UNINFECTED_POP,2023-02-20,5.59149
2004,SH_HIV_INCD,M,Y_GE50,,,PER_1000_UNINFECTED_POP,2023-02-20,5.24871
2005,SH_HIV_INCD,M,Y_GE50,,,PER_1000_UNINFECTED_POP,2023-02-20,4.9004
2006,SH_HIV_INCD,M,Y_GE50,,,PER_1000_UNINFECTED_POP,2023-02-20,4.55427
2007,SH_HIV_INCD,M,Y_GE50,,,PER_1000_UNINFECTED_POP,2023-02-20,4.24336
2008,SH_HIV_INCD,M,Y_GE50,,,PER_1000_UNINFECTED_POP,2023-02-20,3.96763
2009,SH_HIV_INCD,M,Y_GE50,,,PER_1000_UNINFECTED_POP,2023-02-20,3.71754
2010,SH_HIV_INCD,M,Y_GE50,,,PER_1000_UNINFECTED_POP,2023-02-20,3.51154
2011,SH_HIV_INCD,M,Y_GE50,,,PER_1000_UNINFECTED_POP,2023-02-20,3.10074
2012,SH_HIV_INCD,M,Y_GE50,,,PER_1000_UNINFECTED_POP,2023-02-20,2.71506
2013,SH_HIV_INCD,M,Y_GE50,,,PER_1000_UNINFECTED_POP,2023-02-20,2.46108
2014,SH_HIV_INCD,M,Y_GE50,,,PER_1000_UNINFECTED_POP,2023-02-20,2.18311
2015,SH_HIV_INCD,M,Y_GE50,,,PER_1000_UNINFECTED_POP,2023-02-20,1.90485
2016,SH_HIV_INCD,M,Y_GE50,,,PER_1000_UNINFECTED_POP,2023-02-20,1.64532
2017,SH_HIV_INCD,M,Y_GE50,,,PER_1000_UNINFECTED_POP,2023-02-20,1.38097
2018,SH_HIV_INCD,M,Y_GE50,,,PER_1000_UNINFECTED_POP,2023-02-20,1.07184
2019,SH_HIV_INCD,M,Y_GE50,,,PER_1000_UNINFECTED_POP,2023-02-20,0.86328
2020,SH_HIV_INCD,M,Y_GE50,,,PER_1000_UNINFECTED_POP,2023-02-20,0.75435
2021,SH_HIV_INCD,M,Y_GE50,,,PER_1000_UNINFECTED_POP,2023-02-20,0.66425
2000,SH_HIV_INCD,M,Y15T24,,,PER_1000_UNINFECTED_POP,2023-02-20,12.11055
2001,SH_HIV_INCD,M,Y15T24,,,PER_1000_UNINFECTED_POP,2023-02-20,11.09813
2002,SH_HIV_INCD,M,Y15T24,,,PER_1000_UNINFECTED_POP,2023-02-20,10.12965
2003,SH_HIV_INCD,M,Y15T24,,,PER_1000_UNINFECTED_POP,2023-02-20,9.38461
2004,SH_HIV_INCD,M,Y15T24,,,PER_1000_UNINFECTED_POP,2023-02-20,8.87719
2005,SH_HIV_INCD,M,Y15T24,,,PER_1000_UNINFECTED_POP,2023-02-20,8.35528
2006,SH_HIV_INCD,M,Y15T24,,,PER_1000_UNINFECTED_POP,2023-02-20,7.85003
2007,SH_HIV_INCD,M,Y15T24,,,PER_1000_UNINFECTED_POP,2023-02-20,7.34336
2008,SH_HIV_INCD,M,Y15T24,,,PER_1000_UNINFECTED_POP,2023-02-20,6.91969
2009,SH_HIV_INCD,M,Y15T24,,,PER_1000_UNINFECTED_POP,2023-02-20,6.5343
2010,SH_HIV_INCD,M,Y15T24,,,PER_1000_UNINFECTED_POP,2023-02-20,6.19602
2011,SH_HIV_INCD,M,Y15T24,,,PER_1000_UNINFECTED_POP,2023-02-20,5.49241
2012,SH_HIV_INCD,M,Y15T24,,,PER_1000_UNINFECTED_POP,2023-02-20,4.80416
2013,SH_HIV_INCD,M,Y15T24,,,PER_1000_UNINFECTED_POP,2023-02-20,4.34868
2014,SH_HIV_INCD,M,Y15T24,,,PER_1000_UNINFECTED_POP,2023-02-20,3.82509
2015,SH_HIV_INCD,M,Y15T24,,,PER_1000_UNINFECTED_POP,2023-02-20,3.32393
2016,SH_HIV_INCD,M,Y15T24,,,PER_1000_UNINFECTED_POP,2023-02-20,2.81026
2017,SH_HIV_INCD,M,Y15T24,,,PER_1000_UNINFECTED_POP,2023-02-20,2.34988
2018,SH_HIV_INCD,M,Y15T24,,,PER_1000_UNINFECTED_POP,2023-02-20,1.81703
2019,SH_HIV_INCD,M,Y15T24,,,PER_1000_UNINFECTED_POP,2023-02-20,1.45461
2020,SH_HIV_INCD,M,Y15T24,,,PER_1000_UNINFECTED_POP,2023-02-20,1.25039
2021,SH_HIV_INCD,M,Y15T24,,,PER_1000_UNINFECTED_POP,2023-02-20,1.08856
2000,SH_HIV_INCD,M,Y15T49,,,PER_1000_UNINFECTED_POP,2023-02-20,17.48353
2001,SH_HIV_INCD,M,Y15T49,,,PER_1000_UNINFECTED_POP,2023-02-20,15.97853
2002,SH_HIV_INCD,M,Y15T49,,,PER_1000_UNINFECTED_POP,2023-02-20,14.5384
2003,SH_HIV_INCD,M,Y15T49,,,PER_1000_UNINFECTED_POP,2023-02-20,13.45008
2004,SH_HIV_INCD,M,Y15T49,,,PER_1000_UNINFECTED_POP,2023-02-20,12.71545
2005,SH_HIV_INCD,M,Y15T49,,,PER_1000_UNINFECTED_POP,2023-02-20,11.97999
2006,SH_HIV_INCD,M,Y15T49,,,PER_1000_UNINFECTED_POP,2023-02-20,11.27058
2007,SH_HIV_INCD,M,Y15T49,,,PER_1000_UNINFECTED_POP,2023-02-20,10.59056
2008,SH_HIV_INCD,M,Y15T49,,,PER_1000_UNINFECTED_POP,2023-02-20,10.01862
2009,SH_HIV_INCD,M,Y15T49,,,PER_1000_UNINFECTED_POP,2023-02-20,9.49069
2010,SH_HIV_INCD,M,Y15T49,,,PER_1000_UNINFECTED_POP,2023-02-20,9.00792
2011,SH_HIV_INCD,M,Y15T49,,,PER_1000_UNINFECTED_POP,2023-02-20,8.05557
2012,SH_HIV_INCD,M,Y15T49,,,PER_1000_UNINFECTED_POP,2023-02-20,7.10149
2013,SH_HIV_INCD,M,Y15T49,,,PER_1000_UNINFECTED_POP,2023-02-20,6.46195
2014,SH_HIV_INCD,M,Y15T49,,,PER_1000_UNINFECTED_POP,2023-02-20,5.73651
2015,SH_HIV_INCD,M,Y15T49,,,PER_1000_UNINFECTED_POP,2023-02-20,5.01808
2016,SH_HIV_INCD,M,Y15T49,,,PER_1000_UNINFECTED_POP,2023-02-20,4.26918
2017,SH_HIV_INCD,M,Y15T49,,,PER_1000_UNINFECTED_POP,2023-02-20,3.5812
2018,SH_HIV_INCD,M,Y15T49,,,PER_1000_UNINFECTED_POP,2023-02-20,2.77614
2019,SH_HIV_INCD,M,Y15T49,,,PER_1000_UNINFECTED_POP,2023-02-20,2.22939
2020,SH_HIV_INCD,M,Y15T49,,,PER_1000_UNINFECTED_POP,2023-02-20,1.92956
2021,SH_HIV_INCD,M,Y15T49,,,PER_1000_UNINFECTED_POP,2023-02-20,1.67319
2000,SH_STA_SCIDEN,,,,,NUMBER,2021-03-24,1578.0
2005,SH_STA_SCIDEN,,,,,NUMBER,2021-03-24,1688.0
2010,SH_STA_SCIDEN,,,,,NUMBER,2021-03-24,2731.0
2015,SH_STA_SCIDEN,,,,,NUMBER,2021-03-24,2481.0
2019,SH_STA_SCIDEN,,,,,NUMBER,2021-03-24,2069.0
2000,SH_STA_SCIDEN,F,,,,NUMBER,2021-03-24,755.0
2005,SH_STA_SCIDEN,F,,,,NUMBER,2021-03-24,750.0
2010,SH_STA_SCIDEN,F,,,,NUMBER,2021-03-24,1144.0
2015,SH_STA_SCIDEN,F,,,,NUMBER,2021-03-24,915.0
2019,SH_STA_SCIDEN,F,,,,NUMBER,2021-03-24,673.0
2000,SH_STA_SCIDEN,M,,,,NUMBER,2021-03-24,823.0
2005,SH_STA_SCIDEN,M,,,,NUMBER,2021-03-24,938.0
2010,SH_STA_SCIDEN,M,,,,NUMBER,2021-03-24,1588.0
2015,SH_STA_SCIDEN,M,,,,NUMBER,2021-03-24,1566.0
2019,SH_STA_SCIDEN,M,,,,NUMBER,2021-03-24,1395.0
2010,SH_TRP_INTVN,,,,,NUMBER,2023-02-15,6437391.0
2011,SH_TRP_INTVN,,,,,NUMBER,2023-02-15,6472357.0
2012,SH_TRP_INTVN,,,,,NUMBER,2023-02-15,6496297.0
2013,SH_TRP_INTVN,,,,,NUMBER,2023-02-15,6958826.0
2014,SH_TRP_INTVN,,,,,NUMBER,2023-02-15,7044667.0
2015,SH_TRP_INTVN,,,,,NUMBER,2023-02-15,10346543.0
2016,SH_TRP_INTVN,,,,,NUMBER,2023-02-15,9958235.0
2017,SH_TRP_INTVN,,,,,NUMBER,2023-02-15,10660813.0
2018,SH_TRP_INTVN,,,,,NUMBER,2023-02-15,10660813.0
2019,SH_TRP_INTVN,,,,,NUMBER,2023-02-15,10660813.0
2020,SH_TRP_INTVN,,,,,NUMBER,2023-02-15,8029929.0
2021,SH_TRP_INTVN,,,,,NUMBER,2023-02-15,8147168.0
2000,SM_POP_REFG_OR,,,,,PER_100000_POP,2023-03-01,0.91764
2001,SM_POP_REFG_OR,,,,,PER_100000_POP,2023-03-01,2.15169
2002,SM_POP_REFG_OR,,,,,PER_100000_POP,2023-03-01,33.45111
2003,SM_POP_REFG_OR,,,,,PER_100000_POP,2023-03-01,58.96151
2004,SM_POP_REFG_OR,,,,,PER_100000_POP,2023-03-01,78.30311
2005,SM_POP_REFG_OR,,,,,PER_100000_POP,2023-03-01,91.69051
2006,SM_POP_REFG_OR,,,,,PER_100000_POP,2023-03-01,102.85167
2007,SM_POP_REFG_OR,,,,,PER_100000_POP,2023-03-01,114.85037
2008,SM_POP_REFG_OR,,,,,PER_100000_POP,2023-03-01,133.27592
2009,SM_POP_REFG_OR,,,,,PER_100000_POP,2023-03-01,175.65723
2010,SM_POP_REFG_OR,,,,,PER_100000_POP,2023-03-01,185.93714
2011,SM_POP_REFG_OR,,,,,PER_100000_POP,2023-03-01,190.36401
2012,SM_POP_REFG_OR,,,,,PER_100000_POP,2023-03-01,164.45101
2013,SM_POP_REFG_OR,,,,,PER_100000_POP,2023-03-01,143.67279
2014,SM_POP_REFG_OR,,,,,PER_100000_POP,2023-03-01,160.22792
2015,SM_POP_REFG_OR,,,,,PER_100000_POP,2023-03-01,148.91534
2016,SM_POP_REFG_OR,,,,,PER_100000_POP,2023-03-01,124.08375
2017,SM_POP_REFG_OR,,,,,PER_100000_POP,2023-03-01,116.77326
2018,SM_POP_REFG_OR,,,,,PER_100000_POP,2023-03-01,102.61763
2019,SM_POP_REFG_OR,,,,,PER_100000_POP,2023-03-01,64.74267
2020,SM_POP_REFG_OR,,,,,PER_100000_POP,2023-03-01,54.12594
2021,SM_POP_REFG_OR,,,,,PER_100000_POP,2023-03-01,50.2133
2022,SM_POP_REFG_OR,,,,,PER_100000_POP,2023-03-01,47.94111
2001,SN_ITK_DEFCN,,,,,NUMBER,2023-09-08,3.9
2002,SN_ITK_DEFCN,,,,,NUMBER,2023-09-08,3.8
2003,SN_ITK_DEFCN,,,,,NUMBER,2023-09-08,3.8
2004,SN_ITK_DEFCN,,,,,NUMBER,2023-09-08,3.8
2005,SN_ITK_DEFCN,,,,,NUMBER,2023-09-08,3.7
2006,SN_ITK_DEFCN,,,,,NUMBER,2023-09-08,3.6
2007,SN_ITK_DEFCN,,,,,NUMBER,2023-09-08,3.6
2008,SN_ITK_DEFCN,,,,,NUMBER,2023-09-08,3.6
2009,SN_ITK_DEFCN,,,,,NUMBER,2023-09-08,3.5
2010,SN_ITK_DEFCN,,,,,NUMBER,2023-09-08,3.4
2011,SN_ITK_DEFCN,,,,,NUMBER,2023-09-08,3.3
2012,SN_ITK_DEFCN,,,,,NUMBER,2023-09-08,3.3
2013,SN_ITK_DEFCN,,,,,NUMBER,2023-09-08,3.7
2014,SN_ITK_DEFCN,,,,,NUMBER,2023-09-08,4.2
2015,SN_ITK_DEFCN,,,,,NUMBER,2023-09-08,4.6
2016,SN_ITK_DEFCN,,,,,NUMBER,2023-09-08,5.1
2017,SN_ITK_DEFCN,,,,,NUMBER,2023-09-08,5.4
2018,SN_ITK_DEFCN,,,,,NUMBER,2023-09-08,5.8
2019,SN_ITK_DEFCN,,,,,NUMBER,2023-09-08,6.0
2020,SN_ITK_DEFCN,,,,,NUMBER,2023-09-08,6.1
2021,SN_ITK_DEFCN,,,,,NUMBER,2023-09-08,6.1
2022,SN_ITK_DEFCN,,,,,NUMBER,2023-09-08,
2019,VC_DSR_AFFCT,,,,,NUMBER,2023-08-02,702363.0
2011,VC_DSR_CDAN,,,,,NUMBER,2023-03-30,0.0
2011,VC_DSR_CDYN,,,,,NUMBER,2023-03-30,0.0
2019,VC_DSR_DAFF,,,,,PER_100000_POP,2023-03-29,4574.28154
2011,VC_DSR_EFDN,,,,,NUMBER,2023-03-30,0.0
2011,VC_DSR_HFDN,,,,,NUMBER,2023-03-30,0.0
2017,VC_DSR_MISS,,,,,NUMBER,2023-03-29,0.0
2019,VC_DSR_MISS,,,,,NUMBER,2023-03-29,344.0
2017,VC_DSR_MMHN,,,,,NUMBER,2023-03-29,0.0
2019,VC_DSR_MMHN,,,,,NUMBER,2023-03-29,344.0
2017,VC_DSR_MORT,,,,,NUMBER,2023-03-29,0.0
2017,VC_DSR_MTMP,,,,,PER_100000_POP,2023-03-29,0.0
2019,VC_DSR_MTMP,,,,,PER_100000_POP,2023-03-29,2.24037
2019,VC_DSR_PDAN,,,,,NUMBER,2023-08-02,234121.0
2019,VC_DSR_PDLN,,,,,NUMBER,2023-03-29,234121.0
2019,VC_DSR_PDYN,,,,,NUMBER,2023-08-02,234121.0
2001,VC_IHR_PSRC,,,,,PER_100000_POP,2023-05-01,12.84
2002,VC_IHR_PSRC,,,,,PER_100000_POP,2023-05-01,13.54
2003,VC_IHR_PSRC,,,,,PER_100000_POP,2023-05-01,11.26
2004,VC_IHR_PSRC,,,,,PER_100000_POP,2023-05-01,11.15
2005,VC_IHR_PSRC,,,,,PER_100000_POP,2023-05-01,11.04
2006,VC_IHR_PSRC,,,,,PER_100000_POP,2023-05-01,8.69
2010,VC_IHR_PSRC,,,,,PER_100000_POP,2023-05-01,5.54
2012,VC_IHR_PSRC,,,,,PER_100000_POP,2023-05-01,7.4
2018,VC_IHR_PSRC,,,,,PER_100000_POP,2023-05-01,4.88
2019,VC_IHR_PSRC,,,,,PER_100000_POP,2023-05-01,5.15
2020,VC_IHR_PSRC,,,,,PER_100000_POP,2023-05-01,4.98
2021,VC_IHR_PSRC,,,,,PER_100000_POP,2023-05-01,6.14
2018,VC_IHR_PSRC,F,,,,PER_100000_POP,2023-05-01,2.05
2019,VC_IHR_PSRC,F,,,,PER_100000_POP,2023-05-01,2.06
2020,VC_IHR_PSRC,F,,,,PER_100000_POP,2023-05-01,1.76
2021,VC_IHR_PSRC,F,,,,PER_100000_POP,2023-05-01,1.87
2018,VC_IHR_PSRC,M,,,,PER_100000_POP,2023-05-01,8.06
2019,VC_IHR_PSRC,M,,,,PER_100000_POP,2023-05-01,8.61
2020,VC_IHR_PSRC,M,,,,PER_100000_POP,2023-05-01,8.58
2021,VC_IHR_PSRC,M,,,,PER_100000_POP,2023-05-01,10.92
1990,VC_IHR_PSRCN,,,,,NUMBER,2023-03-27,587.0
2001,VC_IHR_PSRCN,,,,,NUMBER,2023-03-27,1529.0
2002,VC_IHR_PSRCN,,,,,NUMBER,2023-03-27,1623.0
2003,VC_IHR_PSRCN,,,,,NUMBER,2023-03-27,1360.0
2004,VC_IHR_PSRCN,,,,,NUMBER,2023-03-27,1356.0
2005,VC_IHR_PSRCN,,,,,NUMBER,2023-03-27,1350.0
2006,VC_IHR_PSRCN,,,,,NUMBER,2023-03-27,1072.0
2010,VC_IHR_PSRCN,,,,,NUMBER,2023-03-27,711.0
2012,VC_IHR_PSRCN,,,,,NUMBER,2023-03-27,981.0
2018,VC_IHR_PSRCN,,,,,NUMBER,2023-03-27,734.0
2019,VC_IHR_PSRCN,,,,,NUMBER,2023-03-27,790.0
2020,VC_IHR_PSRCN,,,,,NUMBER,2023-03-27,780.0
2021,VC_IHR_PSRCN,,,,,NUMBER,2023-03-27,982.0
1990,VC_IHR_PSRCN,F,,,,NUMBER,2023-03-27,183.0
2018,VC_IHR_PSRCN,F,,,,NUMBER,2023-03-27,163.0
2019,VC_IHR_PSRCN,F,,,,NUMBER,2023-03-27,167.0
2020,VC_IHR_PSRCN,F,,,,NUMBER,2023-03-27,146.0
2021,VC_IHR_PSRCN,F,,,,NUMBER,2023-03-27,158.0
1990,VC_IHR_PSRCN,M,,,,NUMBER,2023-03-27,404.0
2018,VC_IHR_PSRCN,M,,,,NUMBER,2023-03-27,571.0
2019,VC_IHR_PSRCN,M,,,,NUMBER,2023-03-27,623.0
2020,VC_IHR_PSRCN,M,,,,NUMBER,2023-03-27,634.0
2021,VC_IHR_PSRCN,M,,,,NUMBER,2023-03-27,824.0
