Year,SERIES,UNIT_MEASURE,Value
2006,EN_LKRV_PWAC,PT,-4.8268
2007,EN_LKRV_PWAC,PT,-5.87491
2008,EN_LKRV_PWAC,PT,-6.5012
2009,EN_LKRV_PWAC,PT,-4.53908
2010,EN_LKRV_PWAC,PT,-4.30496
2011,EN_LKRV_PWAC,PT,-1.82635
2012,EN_LKRV_PWAC,PT,-1.36656
2013,EN_LKRV_PWAC,PT,-1.0886
2014,EN_LKRV_PWAC,PT,-1.95859
2015,EN_LKRV_PWAC,PT,-1.40099
2016,EN_LKRV_PWAC,PT,-0.5573
2017,EN_LKRV_PWAC,PT,-3.15319
2018,EN_LKRV_PWAC,PT,0.48525
2019,EN_LKRV_PWAC,PT,1.78614
2020,EN_LKRV_PWAC,PT,-1.33909
2021,EN_LKRV_PWAC,PT,-5.68534
2022,EN_LKRV_PWAC,PT,-2.8381
2000,EN_LKRV_PWAN,KM2,322.65104
2001,EN_LKRV_PWAN,KM2,369.81386
2002,EN_LKRV_PWAN,KM2,416.48283
2003,EN_LKRV_PWAN,KM2,419.28518
2004,EN_LKRV_PWAN,KM2,419.82847
2005,EN_LKRV_PWAN,KM2,418.15673
2006,EN_LKRV_PWAN,KM2,397.97315
2007,EN_LKRV_PWAN,KM2,393.59042
2008,EN_LKRV_PWAN,KM2,390.97153
2009,EN_LKRV_PWAN,KM2,399.17625
2010,EN_LKRV_PWAN,KM2,400.15527
2011,EN_LKRV_PWAN,KM2,410.51973
2012,EN_LKRV_PWAN,KM2,412.44238
2013,EN_LKRV_PWAN,KM2,413.60468
2014,EN_LKRV_PWAN,KM2,409.96677
2015,EN_LKRV_PWAN,KM2,412.29841
2016,EN_LKRV_PWAN,KM2,415.82635
2017,EN_LKRV_PWAN,KM2,404.97148
2018,EN_LKRV_PWAN,KM2,420.18584
2019,EN_LKRV_PWAN,KM2,425.62558
2020,EN_LKRV_PWAN,KM2,412.55722
2021,EN_LKRV_PWAN,KM2,394.38311
2022,EN_LKRV_PWAN,KM2,406.28901
2000,EN_LKRV_PWAP,PT,0.00083
2001,EN_LKRV_PWAP,PT,0.00096
2002,EN_LKRV_PWAP,PT,0.00108
2003,EN_LKRV_PWAP,PT,0.00108
2004,EN_LKRV_PWAP,PT,0.00109
2005,EN_LKRV_PWAP,PT,0.00108
2006,EN_LKRV_PWAP,PT,0.00103
2007,EN_LKRV_PWAP,PT,0.00102
2008,EN_LKRV_PWAP,PT,0.00101
2009,EN_LKRV_PWAP,PT,0.00103
2010,EN_LKRV_PWAP,PT,0.00103
2011,EN_LKRV_PWAP,PT,0.00106
2012,EN_LKRV_PWAP,PT,0.00107
2013,EN_LKRV_PWAP,PT,0.00107
2014,EN_LKRV_PWAP,PT,0.00106
2015,EN_LKRV_PWAP,PT,0.00107
2016,EN_LKRV_PWAP,PT,0.00107
2017,EN_LKRV_PWAP,PT,0.00105
2018,EN_LKRV_PWAP,PT,0.00109
2019,EN_LKRV_PWAP,PT,0.0011
2020,EN_LKRV_PWAP,PT,0.00107
2021,EN_LKRV_PWAP,PT,0.00102
2022,EN_LKRV_PWAP,PT,0.00105
2006,EN_LKRV_SWAC,PT,-6.22616
2007,EN_LKRV_SWAC,PT,-8.24928
2008,EN_LKRV_SWAC,PT,-9.14031
2009,EN_LKRV_SWAC,PT,-5.88739
2010,EN_LKRV_SWAC,PT,-7.17839
2011,EN_LKRV_SWAC,PT,-3.54253
2012,EN_LKRV_SWAC,PT,-5.87644
2013,EN_LKRV_SWAC,PT,-8.73553
2014,EN_LKRV_SWAC,PT,-12.02776
2015,EN_LKRV_SWAC,PT,-8.74361
2016,EN_LKRV_SWAC,PT,-8.37748
2017,EN_LKRV_SWAC,PT,-5.49668
2018,EN_LKRV_SWAC,PT,5.43737
2019,EN_LKRV_SWAC,PT,11.67778
2020,EN_LKRV_SWAC,PT,10.21576
2021,EN_LKRV_SWAC,PT,14.07425
2022,EN_LKRV_SWAC,PT,22.62937
2000,EN_LKRV_SWAN,KM2,270.23091
2001,EN_LKRV_SWAN,KM2,313.60764
2002,EN_LKRV_SWAN,KM2,393.26483
2003,EN_LKRV_SWAN,KM2,398.82165
2004,EN_LKRV_SWAN,KM2,396.71575
2005,EN_LKRV_SWAN,KM2,424.00139
2006,EN_LKRV_SWAN,KM2,397.6024
2007,EN_LKRV_SWAN,KM2,389.02432
2008,EN_LKRV_SWAN,KM2,385.24634
2009,EN_LKRV_SWAN,KM2,399.03875
2010,EN_LKRV_SWAN,KM2,393.56493
2011,EN_LKRV_SWAN,KM2,408.98101
2012,EN_LKRV_SWAN,KM2,399.08522
2013,EN_LKRV_SWAN,KM2,386.96261
2014,EN_LKRV_SWAN,KM2,373.00352
2015,EN_LKRV_SWAN,KM2,386.92837
2016,EN_LKRV_SWAN,KM2,388.48077
2017,EN_LKRV_SWAN,KM2,400.6954
2018,EN_LKRV_SWAN,KM2,447.05591
2019,EN_LKRV_SWAN,KM2,473.51532
2020,EN_LKRV_SWAN,KM2,467.31634
2021,EN_LKRV_SWAN,KM2,483.67639
2022,EN_LKRV_SWAN,KM2,519.95024
2000,EN_LKRV_SWAP,PT,0.0007
2001,EN_LKRV_SWAP,PT,0.00081
2002,EN_LKRV_SWAP,PT,0.00102
2003,EN_LKRV_SWAP,PT,0.00103
2004,EN_LKRV_SWAP,PT,0.00103
2005,EN_LKRV_SWAP,PT,0.0011
2006,EN_LKRV_SWAP,PT,0.00103
2007,EN_LKRV_SWAP,PT,0.00101
2008,EN_LKRV_SWAP,PT,0.001
2009,EN_LKRV_SWAP,PT,0.00103
2010,EN_LKRV_SWAP,PT,0.00102
2011,EN_LKRV_SWAP,PT,0.00106
2012,EN_LKRV_SWAP,PT,0.00103
2013,EN_LKRV_SWAP,PT,0.001
2014,EN_LKRV_SWAP,PT,0.00096
2015,EN_LKRV_SWAP,PT,0.001
2016,EN_LKRV_SWAP,PT,0.001
2017,EN_LKRV_SWAP,PT,0.00104
2018,EN_LKRV_SWAP,PT,0.00116
2019,EN_LKRV_SWAP,PT,0.00122
2020,EN_LKRV_SWAP,PT,0.00121
2021,EN_LKRV_SWAP,PT,0.00125
2022,EN_LKRV_SWAP,PT,0.00134
