Year,SERIES,CUST_BREAKDOWN,COMPOSITE_BREAKDOWN,UNIT_MEASURE,CUST_BREAKDOWN_LB,Value
2000,ER_MTN_GRNCOV,,LC_ART,KM2,,41.67
2005,ER_MTN_GRNCOV,,LC_ART,KM2,,42.75
2010,ER_MTN_GRNCOV,,LC_ART,KM2,,45.99
2015,ER_MTN_GRNCOV,,LC_ART,KM2,,53.83
2018,ER_MTN_GRNCOV,,LC_ART,KM2,,57.05
2000,ER_MTN_GRNCOV,,LC_CRP,KM2,,51992.57
2005,ER_MTN_GRNCOV,,LC_CRP,KM2,,52733.67
2010,ER_MTN_GRNCOV,,LC_CRP,KM2,,52581.0
2015,ER_MTN_GRNCOV,,LC_CRP,KM2,,52387.29
2018,ER_MTN_GRNCOV,,LC_CRP,KM2,,51807.29
2000,ER_MTN_GRNCOV,,LC_GRS,KM2,,3068.92
2005,ER_MTN_GRNCOV,,LC_GRS,KM2,,2495.18
2010,ER_MTN_GRNCOV,,LC_GRS,KM2,,1856.15
2015,ER_MTN_GRNCOV,,LC_GRS,KM2,,1824.72
2018,ER_MTN_GRNCOV,,LC_GRS,KM2,,1809.5
2000,ER_MTN_GRNCOV,,LC_IWB,KM2,,753.93
2005,ER_MTN_GRNCOV,,LC_IWB,KM2,,745.1
2010,ER_MTN_GRNCOV,,LC_IWB,KM2,,734.21
2015,ER_MTN_GRNCOV,,LC_IWB,KM2,,731.27
2018,ER_MTN_GRNCOV,,LC_IWB,KM2,,818.86
2000,ER_MTN_GRNCOV,,LC_MGCI,KM2,,110287.16
2005,ER_MTN_GRNCOV,,LC_MGCI,KM2,,110292.13
2010,ER_MTN_GRNCOV,,LC_MGCI,KM2,,110307.9
2015,ER_MTN_GRNCOV,,LC_MGCI,KM2,,110308.22
2018,ER_MTN_GRNCOV,,LC_MGCI,KM2,,110230.8
2000,ER_MTN_GRNCOV,,LC_PSG,KM2,,
2005,ER_MTN_GRNCOV,,LC_PSG,KM2,,
2010,ER_MTN_GRNCOV,,LC_PSG,KM2,,
2015,ER_MTN_GRNCOV,,LC_PSG,KM2,,
2018,ER_MTN_GRNCOV,,LC_PSG,KM2,,
2000,ER_MTN_GRNCOV,,LC_SAF,KM2,,134.47
2005,ER_MTN_GRNCOV,,LC_SAF,KM2,,139.38
2010,ER_MTN_GRNCOV,,LC_SAF,KM2,,129.14
2015,ER_MTN_GRNCOV,,LC_SAF,KM2,,128.49
2018,ER_MTN_GRNCOV,,LC_SAF,KM2,,125.42
2000,ER_MTN_GRNCOV,,LC_SHR,KM2,,21551.31
2005,ER_MTN_GRNCOV,,LC_SHR,KM2,,21504.36
2010,ER_MTN_GRNCOV,,LC_SHR,KM2,,20980.15
2015,ER_MTN_GRNCOV,,LC_SHR,KM2,,20818.59
2018,ER_MTN_GRNCOV,,LC_SHR,KM2,,20344.32
2000,ER_MTN_GRNCOV,,LC_SNV,KM2,,176.26
2005,ER_MTN_GRNCOV,,LC_SNV,KM2,,177.15
2010,ER_MTN_GRNCOV,,LC_SNV,KM2,,177.15
2015,ER_MTN_GRNCOV,,LC_SNV,KM2,,176.98
2018,ER_MTN_GRNCOV,,LC_SNV,KM2,,178.18
2000,ER_MTN_GRNCOV,,LC_TBL,KM2,,637.52
2005,ER_MTN_GRNCOV,,LC_TBL,KM2,,639.4
2010,ER_MTN_GRNCOV,,LC_TBL,KM2,,631.28
2015,ER_MTN_GRNCOV,,LC_TBL,KM2,,626.24
2018,ER_MTN_GRNCOV,,LC_TBL,KM2,,611.63
2000,ER_MTN_GRNCOV,,LC_TRE,KM2,,33539.9
2005,ER_MTN_GRNCOV,,LC_TRE,KM2,,33419.54
2010,ER_MTN_GRNCOV,,LC_TRE,KM2,,34761.45
2015,ER_MTN_GRNCOV,,LC_TRE,KM2,,35149.13
2018,ER_MTN_GRNCOV,,LC_TRE,KM2,,36144.27
2000,ER_MTN_GRNCOV,C03,LC_ART,KM2,Montane,2.17
2005,ER_MTN_GRNCOV,C03,LC_ART,KM2,Montane,2.17
2010,ER_MTN_GRNCOV,C03,LC_ART,KM2,Montane,2.17
2015,ER_MTN_GRNCOV,C03,LC_ART,KM2,Montane,2.17
2018,ER_MTN_GRNCOV,C03,LC_ART,KM2,Montane,2.17
2000,ER_MTN_GRNCOV,C03,LC_CRP,KM2,Montane,61.46
2005,ER_MTN_GRNCOV,C03,LC_CRP,KM2,Montane,58.03
2010,ER_MTN_GRNCOV,C03,LC_CRP,KM2,Montane,57.67
2015,ER_MTN_GRNCOV,C03,LC_CRP,KM2,Montane,57.67
2018,ER_MTN_GRNCOV,C03,LC_CRP,KM2,Montane,57.76
2000,ER_MTN_GRNCOV,C03,LC_GRS,KM2,Montane,213.92
2005,ER_MTN_GRNCOV,C03,LC_GRS,KM2,Montane,211.67
2010,ER_MTN_GRNCOV,C03,LC_GRS,KM2,Montane,207.42
2015,ER_MTN_GRNCOV,C03,LC_GRS,KM2,Montane,205.88
2018,ER_MTN_GRNCOV,C03,LC_GRS,KM2,Montane,205.88
2000,ER_MTN_GRNCOV,C03,LC_IWB,KM2,Montane,0.99
2005,ER_MTN_GRNCOV,C03,LC_IWB,KM2,Montane,0.99
2010,ER_MTN_GRNCOV,C03,LC_IWB,KM2,Montane,0.99
2015,ER_MTN_GRNCOV,C03,LC_IWB,KM2,Montane,0.99
2018,ER_MTN_GRNCOV,C03,LC_IWB,KM2,Montane,0.99
2000,ER_MTN_GRNCOV,C03,LC_MGCI,KM2,Montane,919.6
2005,ER_MTN_GRNCOV,C03,LC_MGCI,KM2,Montane,919.33
2010,ER_MTN_GRNCOV,C03,LC_MGCI,KM2,Montane,919.33
2015,ER_MTN_GRNCOV,C03,LC_MGCI,KM2,Montane,919.33
2018,ER_MTN_GRNCOV,C03,LC_MGCI,KM2,Montane,919.24
2000,ER_MTN_GRNCOV,C03,LC_PSG,KM2,Montane,
2005,ER_MTN_GRNCOV,C03,LC_PSG,KM2,Montane,
2010,ER_MTN_GRNCOV,C03,LC_PSG,KM2,Montane,
2015,ER_MTN_GRNCOV,C03,LC_PSG,KM2,Montane,
2018,ER_MTN_GRNCOV,C03,LC_PSG,KM2,Montane,
2000,ER_MTN_GRNCOV,C03,LC_SAF,KM2,Montane,0.99
2005,ER_MTN_GRNCOV,C03,LC_SAF,KM2,Montane,0.99
2010,ER_MTN_GRNCOV,C03,LC_SAF,KM2,Montane,0.99
2015,ER_MTN_GRNCOV,C03,LC_SAF,KM2,Montane,0.99
2018,ER_MTN_GRNCOV,C03,LC_SAF,KM2,Montane,0.99
2000,ER_MTN_GRNCOV,C03,LC_SHR,KM2,Montane,80.5
2005,ER_MTN_GRNCOV,C03,LC_SHR,KM2,Montane,74.72
2010,ER_MTN_GRNCOV,C03,LC_SHR,KM2,Montane,72.64
2015,ER_MTN_GRNCOV,C03,LC_SHR,KM2,Montane,71.92
2018,ER_MTN_GRNCOV,C03,LC_SHR,KM2,Montane,71.56
2000,ER_MTN_GRNCOV,C03,LC_SNV,KM2,Montane,28.4
2005,ER_MTN_GRNCOV,C03,LC_SNV,KM2,Montane,28.76
2010,ER_MTN_GRNCOV,C03,LC_SNV,KM2,Montane,28.76
2015,ER_MTN_GRNCOV,C03,LC_SNV,KM2,Montane,28.76
2018,ER_MTN_GRNCOV,C03,LC_SNV,KM2,Montane,28.85
2000,ER_MTN_GRNCOV,C03,LC_TBL,KM2,Montane,7.58
2005,ER_MTN_GRNCOV,C03,LC_TBL,KM2,Montane,7.49
2010,ER_MTN_GRNCOV,C03,LC_TBL,KM2,Montane,7.49
2015,ER_MTN_GRNCOV,C03,LC_TBL,KM2,Montane,7.49
2018,ER_MTN_GRNCOV,C03,LC_TBL,KM2,Montane,7.49
2000,ER_MTN_GRNCOV,C03,LC_TRE,KM2,Montane,562.73
2005,ER_MTN_GRNCOV,C03,LC_TRE,KM2,Montane,573.93
2010,ER_MTN_GRNCOV,C03,LC_TRE,KM2,Montane,580.61
2015,ER_MTN_GRNCOV,C03,LC_TRE,KM2,Montane,582.87
2018,ER_MTN_GRNCOV,C03,LC_TRE,KM2,Montane,583.05
2000,ER_MTN_GRNCOV,C04,LC_ART,KM2,Remaining mountain area,39.5
2005,ER_MTN_GRNCOV,C04,LC_ART,KM2,Remaining mountain area,40.58
2010,ER_MTN_GRNCOV,C04,LC_ART,KM2,Remaining mountain area,43.82
2015,ER_MTN_GRNCOV,C04,LC_ART,KM2,Remaining mountain area,51.66
2018,ER_MTN_GRNCOV,C04,LC_ART,KM2,Remaining mountain area,54.88
2000,ER_MTN_GRNCOV,C04,LC_CRP,KM2,Remaining mountain area,51931.11
2005,ER_MTN_GRNCOV,C04,LC_CRP,KM2,Remaining mountain area,52675.64
2010,ER_MTN_GRNCOV,C04,LC_CRP,KM2,Remaining mountain area,52523.33
2015,ER_MTN_GRNCOV,C04,LC_CRP,KM2,Remaining mountain area,52329.62
2018,ER_MTN_GRNCOV,C04,LC_CRP,KM2,Remaining mountain area,51749.53
2000,ER_MTN_GRNCOV,C04,LC_GRS,KM2,Remaining mountain area,2855.0
2005,ER_MTN_GRNCOV,C04,LC_GRS,KM2,Remaining mountain area,2283.52
2010,ER_MTN_GRNCOV,C04,LC_GRS,KM2,Remaining mountain area,1648.72
2015,ER_MTN_GRNCOV,C04,LC_GRS,KM2,Remaining mountain area,1618.84
2018,ER_MTN_GRNCOV,C04,LC_GRS,KM2,Remaining mountain area,1603.61
2000,ER_MTN_GRNCOV,C04,LC_IWB,KM2,Remaining mountain area,752.94
2005,ER_MTN_GRNCOV,C04,LC_IWB,KM2,Remaining mountain area,744.1
2010,ER_MTN_GRNCOV,C04,LC_IWB,KM2,Remaining mountain area,733.22
2015,ER_MTN_GRNCOV,C04,LC_IWB,KM2,Remaining mountain area,730.28
2018,ER_MTN_GRNCOV,C04,LC_IWB,KM2,Remaining mountain area,817.87
2000,ER_MTN_GRNCOV,C04,LC_MGCI,KM2,Remaining mountain area,109367.56
2005,ER_MTN_GRNCOV,C04,LC_MGCI,KM2,Remaining mountain area,109372.8
2010,ER_MTN_GRNCOV,C04,LC_MGCI,KM2,Remaining mountain area,109388.56
2015,ER_MTN_GRNCOV,C04,LC_MGCI,KM2,Remaining mountain area,109388.88
2018,ER_MTN_GRNCOV,C04,LC_MGCI,KM2,Remaining mountain area,109311.56
2000,ER_MTN_GRNCOV,C04,LC_PSG,KM2,Remaining mountain area,
2005,ER_MTN_GRNCOV,C04,LC_PSG,KM2,Remaining mountain area,
2010,ER_MTN_GRNCOV,C04,LC_PSG,KM2,Remaining mountain area,
2015,ER_MTN_GRNCOV,C04,LC_PSG,KM2,Remaining mountain area,
2018,ER_MTN_GRNCOV,C04,LC_PSG,KM2,Remaining mountain area,
2000,ER_MTN_GRNCOV,C04,LC_SAF,KM2,Remaining mountain area,133.48
2005,ER_MTN_GRNCOV,C04,LC_SAF,KM2,Remaining mountain area,138.39
2010,ER_MTN_GRNCOV,C04,LC_SAF,KM2,Remaining mountain area,128.15
2015,ER_MTN_GRNCOV,C04,LC_SAF,KM2,Remaining mountain area,127.5
2018,ER_MTN_GRNCOV,C04,LC_SAF,KM2,Remaining mountain area,124.43
2000,ER_MTN_GRNCOV,C04,LC_SHR,KM2,Remaining mountain area,21470.81
2005,ER_MTN_GRNCOV,C04,LC_SHR,KM2,Remaining mountain area,21429.64
2010,ER_MTN_GRNCOV,C04,LC_SHR,KM2,Remaining mountain area,20907.51
2015,ER_MTN_GRNCOV,C04,LC_SHR,KM2,Remaining mountain area,20746.67
2018,ER_MTN_GRNCOV,C04,LC_SHR,KM2,Remaining mountain area,20272.77
2000,ER_MTN_GRNCOV,C04,LC_SNV,KM2,Remaining mountain area,147.86
2005,ER_MTN_GRNCOV,C04,LC_SNV,KM2,Remaining mountain area,148.4
2010,ER_MTN_GRNCOV,C04,LC_SNV,KM2,Remaining mountain area,148.4
2015,ER_MTN_GRNCOV,C04,LC_SNV,KM2,Remaining mountain area,148.22
2018,ER_MTN_GRNCOV,C04,LC_SNV,KM2,Remaining mountain area,149.33
2000,ER_MTN_GRNCOV,C04,LC_TBL,KM2,Remaining mountain area,629.94
2005,ER_MTN_GRNCOV,C04,LC_TBL,KM2,Remaining mountain area,631.91
2010,ER_MTN_GRNCOV,C04,LC_TBL,KM2,Remaining mountain area,623.79
2015,ER_MTN_GRNCOV,C04,LC_TBL,KM2,Remaining mountain area,618.75
2018,ER_MTN_GRNCOV,C04,LC_TBL,KM2,Remaining mountain area,604.14
2000,ER_MTN_GRNCOV,C04,LC_TRE,KM2,Remaining mountain area,32977.17
2005,ER_MTN_GRNCOV,C04,LC_TRE,KM2,Remaining mountain area,32845.61
2010,ER_MTN_GRNCOV,C04,LC_TRE,KM2,Remaining mountain area,34180.84
2015,ER_MTN_GRNCOV,C04,LC_TRE,KM2,Remaining mountain area,34566.26
2018,ER_MTN_GRNCOV,C04,LC_TRE,KM2,Remaining mountain area,35561.22
2000,ER_MTN_GRNCVI,,LC_ART,PT,,0.04
2005,ER_MTN_GRNCVI,,LC_ART,PT,,0.04
2010,ER_MTN_GRNCVI,,LC_ART,PT,,0.04
2015,ER_MTN_GRNCVI,,LC_ART,PT,,0.05
2018,ER_MTN_GRNCVI,,LC_ART,PT,,0.05
2000,ER_MTN_GRNCVI,,LC_CRP,PT,,46.46
2005,ER_MTN_GRNCVI,,LC_CRP,PT,,47.13
2010,ER_MTN_GRNCVI,,LC_CRP,PT,,46.99
2015,ER_MTN_GRNCVI,,LC_CRP,PT,,46.82
2018,ER_MTN_GRNCVI,,LC_CRP,PT,,46.3
2000,ER_MTN_GRNCVI,,LC_GRS,PT,,2.74
2005,ER_MTN_GRNCVI,,LC_GRS,PT,,2.23
2010,ER_MTN_GRNCVI,,LC_GRS,PT,,1.66
2015,ER_MTN_GRNCVI,,LC_GRS,PT,,1.63
2018,ER_MTN_GRNCVI,,LC_GRS,PT,,1.62
2000,ER_MTN_GRNCVI,,LC_IWB,PT,,0.67
2005,ER_MTN_GRNCVI,,LC_IWB,PT,,0.67
2010,ER_MTN_GRNCVI,,LC_IWB,PT,,0.66
2015,ER_MTN_GRNCVI,,LC_IWB,PT,,0.65
2018,ER_MTN_GRNCVI,,LC_IWB,PT,,0.73
2000,ER_MTN_GRNCVI,,LC_MGCI,PT,,98.56
2005,ER_MTN_GRNCVI,,LC_MGCI,PT,,98.57
2010,ER_MTN_GRNCVI,,LC_MGCI,PT,,98.58
2015,ER_MTN_GRNCVI,,LC_MGCI,PT,,98.58
2018,ER_MTN_GRNCVI,,LC_MGCI,PT,,98.51
2000,ER_MTN_GRNCVI,,LC_PSG,PT,,0.0
2005,ER_MTN_GRNCVI,,LC_PSG,PT,,0.0
2010,ER_MTN_GRNCVI,,LC_PSG,PT,,0.0
2015,ER_MTN_GRNCVI,,LC_PSG,PT,,0.0
2018,ER_MTN_GRNCVI,,LC_PSG,PT,,0.0
2000,ER_MTN_GRNCVI,,LC_SAF,PT,,0.12
2005,ER_MTN_GRNCVI,,LC_SAF,PT,,0.12
2010,ER_MTN_GRNCVI,,LC_SAF,PT,,0.12
2015,ER_MTN_GRNCVI,,LC_SAF,PT,,0.11
2018,ER_MTN_GRNCVI,,LC_SAF,PT,,0.11
2000,ER_MTN_GRNCVI,,LC_SHR,PT,,19.26
2005,ER_MTN_GRNCVI,,LC_SHR,PT,,19.22
2010,ER_MTN_GRNCVI,,LC_SHR,PT,,18.75
2015,ER_MTN_GRNCVI,,LC_SHR,PT,,18.61
2018,ER_MTN_GRNCVI,,LC_SHR,PT,,18.18
2000,ER_MTN_GRNCVI,,LC_SNV,PT,,0.16
2005,ER_MTN_GRNCVI,,LC_SNV,PT,,0.16
2010,ER_MTN_GRNCVI,,LC_SNV,PT,,0.16
2015,ER_MTN_GRNCVI,,LC_SNV,PT,,0.16
2018,ER_MTN_GRNCVI,,LC_SNV,PT,,0.16
2000,ER_MTN_GRNCVI,,LC_TBL,PT,,0.57
2005,ER_MTN_GRNCVI,,LC_TBL,PT,,0.57
2010,ER_MTN_GRNCVI,,LC_TBL,PT,,0.56
2015,ER_MTN_GRNCVI,,LC_TBL,PT,,0.56
2018,ER_MTN_GRNCVI,,LC_TBL,PT,,0.55
2000,ER_MTN_GRNCVI,,LC_TRE,PT,,29.97
2005,ER_MTN_GRNCVI,,LC_TRE,PT,,29.87
2010,ER_MTN_GRNCVI,,LC_TRE,PT,,31.07
2015,ER_MTN_GRNCVI,,LC_TRE,PT,,31.41
2018,ER_MTN_GRNCVI,,LC_TRE,PT,,32.3
2000,ER_MTN_GRNCVI,C03,LC_ART,PT,Montane,0.23
2005,ER_MTN_GRNCVI,C03,LC_ART,PT,Montane,0.23
2010,ER_MTN_GRNCVI,C03,LC_ART,PT,Montane,0.23
2015,ER_MTN_GRNCVI,C03,LC_ART,PT,Montane,0.23
2018,ER_MTN_GRNCVI,C03,LC_ART,PT,Montane,0.23
2000,ER_MTN_GRNCVI,C03,LC_CRP,PT,Montane,6.41
2005,ER_MTN_GRNCVI,C03,LC_CRP,PT,Montane,6.05
2010,ER_MTN_GRNCVI,C03,LC_CRP,PT,Montane,6.02
2015,ER_MTN_GRNCVI,C03,LC_CRP,PT,Montane,6.02
2018,ER_MTN_GRNCVI,C03,LC_CRP,PT,Montane,6.02
2000,ER_MTN_GRNCVI,C03,LC_GRS,PT,Montane,22.31
2005,ER_MTN_GRNCVI,C03,LC_GRS,PT,Montane,22.08
2010,ER_MTN_GRNCVI,C03,LC_GRS,PT,Montane,21.63
2015,ER_MTN_GRNCVI,C03,LC_GRS,PT,Montane,21.47
2018,ER_MTN_GRNCVI,C03,LC_GRS,PT,Montane,21.47
2000,ER_MTN_GRNCVI,C03,LC_IWB,PT,Montane,0.1
2005,ER_MTN_GRNCVI,C03,LC_IWB,PT,Montane,0.1
2010,ER_MTN_GRNCVI,C03,LC_IWB,PT,Montane,0.1
2015,ER_MTN_GRNCVI,C03,LC_IWB,PT,Montane,0.1
2018,ER_MTN_GRNCVI,C03,LC_IWB,PT,Montane,0.1
2000,ER_MTN_GRNCVI,C03,LC_MGCI,PT,Montane,95.92
2005,ER_MTN_GRNCVI,C03,LC_MGCI,PT,Montane,95.89
2010,ER_MTN_GRNCVI,C03,LC_MGCI,PT,Montane,95.89
2015,ER_MTN_GRNCVI,C03,LC_MGCI,PT,Montane,95.89
2018,ER_MTN_GRNCVI,C03,LC_MGCI,PT,Montane,95.88
2000,ER_MTN_GRNCVI,C03,LC_PSG,PT,Montane,0.0
2005,ER_MTN_GRNCVI,C03,LC_PSG,PT,Montane,0.0
2010,ER_MTN_GRNCVI,C03,LC_PSG,PT,Montane,0.0
2015,ER_MTN_GRNCVI,C03,LC_PSG,PT,Montane,0.0
2018,ER_MTN_GRNCVI,C03,LC_PSG,PT,Montane,0.0
2000,ER_MTN_GRNCVI,C03,LC_SAF,PT,Montane,0.1
2005,ER_MTN_GRNCVI,C03,LC_SAF,PT,Montane,0.1
2010,ER_MTN_GRNCVI,C03,LC_SAF,PT,Montane,0.1
2015,ER_MTN_GRNCVI,C03,LC_SAF,PT,Montane,0.1
2018,ER_MTN_GRNCVI,C03,LC_SAF,PT,Montane,0.1
2000,ER_MTN_GRNCVI,C03,LC_SHR,PT,Montane,8.4
2005,ER_MTN_GRNCVI,C03,LC_SHR,PT,Montane,7.79
2010,ER_MTN_GRNCVI,C03,LC_SHR,PT,Montane,7.58
2015,ER_MTN_GRNCVI,C03,LC_SHR,PT,Montane,7.5
2018,ER_MTN_GRNCVI,C03,LC_SHR,PT,Montane,7.46
2000,ER_MTN_GRNCVI,C03,LC_SNV,PT,Montane,2.96
2005,ER_MTN_GRNCVI,C03,LC_SNV,PT,Montane,3.0
2010,ER_MTN_GRNCVI,C03,LC_SNV,PT,Montane,3.0
2015,ER_MTN_GRNCVI,C03,LC_SNV,PT,Montane,3.0
2018,ER_MTN_GRNCVI,C03,LC_SNV,PT,Montane,3.01
2000,ER_MTN_GRNCVI,C03,LC_TBL,PT,Montane,0.79
2005,ER_MTN_GRNCVI,C03,LC_TBL,PT,Montane,0.78
2010,ER_MTN_GRNCVI,C03,LC_TBL,PT,Montane,0.78
2015,ER_MTN_GRNCVI,C03,LC_TBL,PT,Montane,0.78
2018,ER_MTN_GRNCVI,C03,LC_TBL,PT,Montane,0.78
2000,ER_MTN_GRNCVI,C03,LC_TRE,PT,Montane,58.69
2005,ER_MTN_GRNCVI,C03,LC_TRE,PT,Montane,59.86
2010,ER_MTN_GRNCVI,C03,LC_TRE,PT,Montane,60.56
2015,ER_MTN_GRNCVI,C03,LC_TRE,PT,Montane,60.8
2018,ER_MTN_GRNCVI,C03,LC_TRE,PT,Montane,60.81
2000,ER_MTN_GRNCVI,C04,LC_ART,PT,Remaining mountain area,0.04
2005,ER_MTN_GRNCVI,C04,LC_ART,PT,Remaining mountain area,0.04
2010,ER_MTN_GRNCVI,C04,LC_ART,PT,Remaining mountain area,0.04
2015,ER_MTN_GRNCVI,C04,LC_ART,PT,Remaining mountain area,0.05
2018,ER_MTN_GRNCVI,C04,LC_ART,PT,Remaining mountain area,0.05
2000,ER_MTN_GRNCVI,C04,LC_CRP,PT,Remaining mountain area,46.81
2005,ER_MTN_GRNCVI,C04,LC_CRP,PT,Remaining mountain area,47.48
2010,ER_MTN_GRNCVI,C04,LC_CRP,PT,Remaining mountain area,47.34
2015,ER_MTN_GRNCVI,C04,LC_CRP,PT,Remaining mountain area,47.17
2018,ER_MTN_GRNCVI,C04,LC_CRP,PT,Remaining mountain area,46.65
2000,ER_MTN_GRNCVI,C04,LC_GRS,PT,Remaining mountain area,2.57
2005,ER_MTN_GRNCVI,C04,LC_GRS,PT,Remaining mountain area,2.06
2010,ER_MTN_GRNCVI,C04,LC_GRS,PT,Remaining mountain area,1.49
2015,ER_MTN_GRNCVI,C04,LC_GRS,PT,Remaining mountain area,1.46
2018,ER_MTN_GRNCVI,C04,LC_GRS,PT,Remaining mountain area,1.45
2000,ER_MTN_GRNCVI,C04,LC_IWB,PT,Remaining mountain area,0.68
2005,ER_MTN_GRNCVI,C04,LC_IWB,PT,Remaining mountain area,0.67
2010,ER_MTN_GRNCVI,C04,LC_IWB,PT,Remaining mountain area,0.66
2015,ER_MTN_GRNCVI,C04,LC_IWB,PT,Remaining mountain area,0.66
2018,ER_MTN_GRNCVI,C04,LC_IWB,PT,Remaining mountain area,0.74
2000,ER_MTN_GRNCVI,C04,LC_MGCI,PT,Remaining mountain area,98.58
2005,ER_MTN_GRNCVI,C04,LC_MGCI,PT,Remaining mountain area,98.59
2010,ER_MTN_GRNCVI,C04,LC_MGCI,PT,Remaining mountain area,98.6
2015,ER_MTN_GRNCVI,C04,LC_MGCI,PT,Remaining mountain area,98.6
2018,ER_MTN_GRNCVI,C04,LC_MGCI,PT,Remaining mountain area,98.53
2000,ER_MTN_GRNCVI,C04,LC_PSG,PT,Remaining mountain area,0.0
2005,ER_MTN_GRNCVI,C04,LC_PSG,PT,Remaining mountain area,0.0
2010,ER_MTN_GRNCVI,C04,LC_PSG,PT,Remaining mountain area,0.0
2015,ER_MTN_GRNCVI,C04,LC_PSG,PT,Remaining mountain area,0.0
2018,ER_MTN_GRNCVI,C04,LC_PSG,PT,Remaining mountain area,0.0
2000,ER_MTN_GRNCVI,C04,LC_SAF,PT,Remaining mountain area,0.12
2005,ER_MTN_GRNCVI,C04,LC_SAF,PT,Remaining mountain area,0.12
2010,ER_MTN_GRNCVI,C04,LC_SAF,PT,Remaining mountain area,0.12
2015,ER_MTN_GRNCVI,C04,LC_SAF,PT,Remaining mountain area,0.11
2018,ER_MTN_GRNCVI,C04,LC_SAF,PT,Remaining mountain area,0.11
2000,ER_MTN_GRNCVI,C04,LC_SHR,PT,Remaining mountain area,19.35
2005,ER_MTN_GRNCVI,C04,LC_SHR,PT,Remaining mountain area,19.32
2010,ER_MTN_GRNCVI,C04,LC_SHR,PT,Remaining mountain area,18.85
2015,ER_MTN_GRNCVI,C04,LC_SHR,PT,Remaining mountain area,18.7
2018,ER_MTN_GRNCVI,C04,LC_SHR,PT,Remaining mountain area,18.27
2000,ER_MTN_GRNCVI,C04,LC_SNV,PT,Remaining mountain area,0.13
2005,ER_MTN_GRNCVI,C04,LC_SNV,PT,Remaining mountain area,0.13
2010,ER_MTN_GRNCVI,C04,LC_SNV,PT,Remaining mountain area,0.13
2015,ER_MTN_GRNCVI,C04,LC_SNV,PT,Remaining mountain area,0.13
2018,ER_MTN_GRNCVI,C04,LC_SNV,PT,Remaining mountain area,0.13
2000,ER_MTN_GRNCVI,C04,LC_TBL,PT,Remaining mountain area,0.57
2005,ER_MTN_GRNCVI,C04,LC_TBL,PT,Remaining mountain area,0.57
2010,ER_MTN_GRNCVI,C04,LC_TBL,PT,Remaining mountain area,0.56
2015,ER_MTN_GRNCVI,C04,LC_TBL,PT,Remaining mountain area,0.56
2018,ER_MTN_GRNCVI,C04,LC_TBL,PT,Remaining mountain area,0.54
2000,ER_MTN_GRNCVI,C04,LC_TRE,PT,Remaining mountain area,29.73
2005,ER_MTN_GRNCVI,C04,LC_TRE,PT,Remaining mountain area,29.61
2010,ER_MTN_GRNCVI,C04,LC_TRE,PT,Remaining mountain area,30.81
2015,ER_MTN_GRNCVI,C04,LC_TRE,PT,Remaining mountain area,31.16
2018,ER_MTN_GRNCVI,C04,LC_TRE,PT,Remaining mountain area,32.06
2000,ER_MTN_TOTL,,,KM2,,111896.53
2005,ER_MTN_TOTL,,,KM2,,111896.53
2010,ER_MTN_TOTL,,,KM2,,111896.53
2015,ER_MTN_TOTL,,,KM2,,111896.53
2018,ER_MTN_TOTL,,,KM2,,111896.53
2000,ER_MTN_TOTL,C03,,KM2,Montane,958.74
2005,ER_MTN_TOTL,C03,,KM2,Montane,958.74
2010,ER_MTN_TOTL,C03,,KM2,Montane,958.74
2015,ER_MTN_TOTL,C03,,KM2,Montane,958.74
2018,ER_MTN_TOTL,C03,,KM2,Montane,958.74
2000,ER_MTN_TOTL,C04,,KM2,Remaining mountain area,110937.79
2005,ER_MTN_TOTL,C04,,KM2,Remaining mountain area,110937.79
2010,ER_MTN_TOTL,C04,,KM2,Remaining mountain area,110937.79
2015,ER_MTN_TOTL,C04,,KM2,Remaining mountain area,110937.79
2018,ER_MTN_TOTL,C04,,KM2,Remaining mountain area,110937.79
